source,target
0d6b001d-48c7-42f1-b617-ae0e3781eaa5,de9a5376-a45b-4255-8e82-031ce6728e87
0d6b001d-48c7-42f1-b617-ae0e3781eaa5,2ff57d87-e97e-4c98-949c-ad44eaf04c3a
0d6b001d-48c7-42f1-b617-ae0e3781eaa5,7e6e701c-4fdb-4fdb-9b3d-3fd00005cf68
0d6b001d-48c7-42f1-b617-ae0e3781eaa5,05b95428-108d-4ec9-a8cd-5b6a70c35cda
0d6b001d-48c7-42f1-b617-ae0e3781eaa5,030c5163-88d9-4e9f-babb-59aa3d9db620
0d6b001d-48c7-42f1-b617-ae0e3781eaa5,2a3e8a48-e484-4f7b-83c7-c221b45c1d76
0d6b001d-48c7-42f1-b617-ae0e3781eaa5,07a16134-927e-49b5-a0fc-0e751a6824dc
0d6b001d-48c7-42f1-b617-ae0e3781eaa5,aa983bff-fbd1-4761-9c39-b1dbf16d156c
0d6b001d-48c7-42f1-b617-ae0e3781eaa5,8a3b2b5e-af88-4ae7-9a59-7f3d0f84ffaa
0d6b001d-48c7-42f1-b617-ae0e3781eaa5,539167ba-a704-4908-b25c-d07918294598
2ea5e2c3-b89c-49df-9173-0c4f36141d1a,e8eed0a7-edde-49b6-b488-b6d37394b25d
2ea5e2c3-b89c-49df-9173-0c4f36141d1a,ffa9440d-2248-4249-b855-68d80c5120db
2ea5e2c3-b89c-49df-9173-0c4f36141d1a,0efb98df-0b2d-45ca-ad72-182aa7af4f0d
2ea5e2c3-b89c-49df-9173-0c4f36141d1a,78dc2d67-1bec-4b8e-9476-edad6163380b
2ea5e2c3-b89c-49df-9173-0c4f36141d1a,364f123c-5a61-4896-ab47-de4ead3958e0
2ea5e2c3-b89c-49df-9173-0c4f36141d1a,256c5c12-fb16-4599-9576-c5a57fb2e579
2ea5e2c3-b89c-49df-9173-0c4f36141d1a,fc065b8f-5ceb-4a1e-b654-dfe240105485
2ea5e2c3-b89c-49df-9173-0c4f36141d1a,1e98fbb0-7c35-490a-bbb7-62285336d32b
2ea5e2c3-b89c-49df-9173-0c4f36141d1a,cd0b064f-fae4-4726-aa2e-047bd0d4b1e5
2ea5e2c3-b89c-49df-9173-0c4f36141d1a,03659fc1-e2b6-407c-8f90-8854fbfe82c7
367403ec-8ef5-48cc-8bf2-c04e01e90340,92458319-5c62-4e9e-b803-1cbca865117f
367403ec-8ef5-48cc-8bf2-c04e01e90340,2c6b3d71-20fd-4cbb-8b41-4a3ddec8e9ce
367403ec-8ef5-48cc-8bf2-c04e01e90340,91b5754c-2e9c-4b71-8a8d-3b1f51774b7e
367403ec-8ef5-48cc-8bf2-c04e01e90340,d8092bc4-dcf6-460d-8682-3d92cba0a750
367403ec-8ef5-48cc-8bf2-c04e01e90340,dcede4c0-4de4-4de8-b258-c442ace801b4
367403ec-8ef5-48cc-8bf2-c04e01e90340,83e477a2-750a-4008-9ba6-61bf0cb3aeef
367403ec-8ef5-48cc-8bf2-c04e01e90340,617dfc80-eb78-4f54-bdc2-39412dacd7b3
367403ec-8ef5-48cc-8bf2-c04e01e90340,3805b6a9-291c-4315-bca0-0b96c01c7ef7
367403ec-8ef5-48cc-8bf2-c04e01e90340,305c4cb3-0ceb-4dd7-b3ab-6a227294e478
367403ec-8ef5-48cc-8bf2-c04e01e90340,8587d745-92a6-4882-b3c3-0f7308ac627a
01b13dbc-416e-4c71-84e2-cfe2875c296a,f69e37c2-49bf-4901-8c69-25c5789c1a64
01b13dbc-416e-4c71-84e2-cfe2875c296a,a7d582b1-9749-49f7-8179-477dd6a3d6a0
01b13dbc-416e-4c71-84e2-cfe2875c296a,0118d2c3-ec15-470e-b22d-4ae0134bd46e
01b13dbc-416e-4c71-84e2-cfe2875c296a,037427b3-f5ae-494d-9028-1f2c1d2be5b7
01b13dbc-416e-4c71-84e2-cfe2875c296a,e014c0d8-ef43-4a74-bb8b-ee5b0e67749d
01b13dbc-416e-4c71-84e2-cfe2875c296a,154c3fa1-96b1-4fbb-9b0b-2a0ea4bd6166
01b13dbc-416e-4c71-84e2-cfe2875c296a,15d5edc1-3a20-4b2c-912b-e69dd8f6355d
01b13dbc-416e-4c71-84e2-cfe2875c296a,e787999f-46f5-4d97-9b46-11a3a9b0a2d5
01b13dbc-416e-4c71-84e2-cfe2875c296a,a164428e-3391-415c-9814-d7a695ea9875
01b13dbc-416e-4c71-84e2-cfe2875c296a,0ec4e51b-a944-4a85-be1b-7e49f52a360a
1f0580b7-3bd5-4207-b3b6-c4c269dedcd2,92b48e65-78e5-4d18-b730-e960b99b43d3
1f0580b7-3bd5-4207-b3b6-c4c269dedcd2,4eb3872b-e180-4be1-8911-6f7cd8007ab1
1f0580b7-3bd5-4207-b3b6-c4c269dedcd2,873ee083-8268-4cf4-8f04-cd2270c05d4f
1f0580b7-3bd5-4207-b3b6-c4c269dedcd2,2c84159f-a96d-4aac-8c3d-60b77139828e
1f0580b7-3bd5-4207-b3b6-c4c269dedcd2,2e5ba5f2-c5cc-4832-b073-654f571f658f
1f0580b7-3bd5-4207-b3b6-c4c269dedcd2,15e40966-6cbb-473c-97fc-362de81f95d9
1f0580b7-3bd5-4207-b3b6-c4c269dedcd2,5484e97d-c6e4-434a-9b24-ddd086dd4213
1f0580b7-3bd5-4207-b3b6-c4c269dedcd2,e3fd9b66-b660-4460-8e1f-44282136bf5c
1f0580b7-3bd5-4207-b3b6-c4c269dedcd2,b4be7f77-bb4d-46ac-931a-1fe0f8b16a9e
1f0580b7-3bd5-4207-b3b6-c4c269dedcd2,092e42a4-c8f5-4837-9663-8a50405a3896
559d6bc0-003c-4aea-bb41-33206279b7aa,b35127eb-0696-40ae-bb08-8eb9d8c74cdd
559d6bc0-003c-4aea-bb41-33206279b7aa,4677bae4-93b4-494f-a79a-676825f79c21
559d6bc0-003c-4aea-bb41-33206279b7aa,2a924daa-b652-4296-8e37-c0353fc2c4f6
559d6bc0-003c-4aea-bb41-33206279b7aa,9a48bf40-4567-473d-b9f6-100ae4ac83eb
559d6bc0-003c-4aea-bb41-33206279b7aa,7eda7b08-2131-4785-8cdc-258167c905b5
559d6bc0-003c-4aea-bb41-33206279b7aa,31990f0e-a62b-4577-ae31-21af514a5da0
559d6bc0-003c-4aea-bb41-33206279b7aa,35143c2f-0484-44e2-bf27-7baa7ca5e135
559d6bc0-003c-4aea-bb41-33206279b7aa,307e8e3a-1910-4ccd-a25e-38f14ff750cf
559d6bc0-003c-4aea-bb41-33206279b7aa,8b2d135d-2f37-4a1c-8795-35ec075be68f
559d6bc0-003c-4aea-bb41-33206279b7aa,22ae2174-d74b-465d-a7b0-427a41ecedcc
7d9f69b7-81e7-4b42-ac24-ee58028740c8,5fa29b31-c159-43f4-83a3-5862f6e45dc6
7d9f69b7-81e7-4b42-ac24-ee58028740c8,184cc1e2-debf-43bb-9d50-5c058e5d22ee
7d9f69b7-81e7-4b42-ac24-ee58028740c8,09e07c50-04ed-4f7e-b1bc-bad22d316ebe
7d9f69b7-81e7-4b42-ac24-ee58028740c8,617dfc80-eb78-4f54-bdc2-39412dacd7b3
7d9f69b7-81e7-4b42-ac24-ee58028740c8,dd0e6c05-2af1-4d8a-9262-2d227e25497d
7d9f69b7-81e7-4b42-ac24-ee58028740c8,35143c2f-0484-44e2-bf27-7baa7ca5e135
7d9f69b7-81e7-4b42-ac24-ee58028740c8,9a48bf40-4567-473d-b9f6-100ae4ac83eb
7d9f69b7-81e7-4b42-ac24-ee58028740c8,307e8e3a-1910-4ccd-a25e-38f14ff750cf
7d9f69b7-81e7-4b42-ac24-ee58028740c8,89268d32-efd6-44c4-88e5-ba4c4db55103
7d9f69b7-81e7-4b42-ac24-ee58028740c8,6833643a-b2cd-4685-bc0f-e4d713750bf7
e36f49e9-c215-41f3-8579-3f56481d91a6,6c932d96-bf88-4ce3-87a1-635fb390ed1a
e36f49e9-c215-41f3-8579-3f56481d91a6,5586e359-eb45-4215-aded-c2cf165cbd48
e36f49e9-c215-41f3-8579-3f56481d91a6,c1fd17a9-2900-4f45-812c-4a90fcc0a61c
e36f49e9-c215-41f3-8579-3f56481d91a6,a6ed5358-6ad7-422e-9be6-dbc49a02586c
e36f49e9-c215-41f3-8579-3f56481d91a6,7d9f69b7-81e7-4b42-ac24-ee58028740c8
e36f49e9-c215-41f3-8579-3f56481d91a6,09e07c50-04ed-4f7e-b1bc-bad22d316ebe
e36f49e9-c215-41f3-8579-3f56481d91a6,05b95428-108d-4ec9-a8cd-5b6a70c35cda
e36f49e9-c215-41f3-8579-3f56481d91a6,dd0e6c05-2af1-4d8a-9262-2d227e25497d
e36f49e9-c215-41f3-8579-3f56481d91a6,4988f79d-2945-471d-b238-79f04949ed34
e36f49e9-c215-41f3-8579-3f56481d91a6,35143c2f-0484-44e2-bf27-7baa7ca5e135
60f5d7d6-a1fc-4cfc-9dc7-aff012618af6,773bfc6a-3969-4637-9915-92b4eae7ebf5
60f5d7d6-a1fc-4cfc-9dc7-aff012618af6,7e03a61b-fca4-4ecc-ad9c-4ddadcb69ec0
60f5d7d6-a1fc-4cfc-9dc7-aff012618af6,b1a7c595-6dec-43eb-a83b-b597fe5805ea
60f5d7d6-a1fc-4cfc-9dc7-aff012618af6,b916bd8d-be9a-4a99-be5e-db61b32123f5
60f5d7d6-a1fc-4cfc-9dc7-aff012618af6,cfe5245b-7813-421b-b380-264918db4222
60f5d7d6-a1fc-4cfc-9dc7-aff012618af6,48c5f2d6-7182-4b5b-97a6-0df261bbe534
60f5d7d6-a1fc-4cfc-9dc7-aff012618af6,6b44bc8b-226f-4806-b910-de87cd856034
60f5d7d6-a1fc-4cfc-9dc7-aff012618af6,0701596e-7626-4b15-bb7e-e63877fda786
60f5d7d6-a1fc-4cfc-9dc7-aff012618af6,e6fb80b5-e7ee-410b-8a80-15c619736177
60f5d7d6-a1fc-4cfc-9dc7-aff012618af6,6f23d5a9-590f-4a52-b53d-964d0ba039d8
8f2334a3-ead8-4a05-91e3-55ed83a13cab,8c1f4c3e-24f1-49f3-836e-19bbad1ce404
8f2334a3-ead8-4a05-91e3-55ed83a13cab,849b2dbc-c94e-432b-88a0-4d9932fab32e
8f2334a3-ead8-4a05-91e3-55ed83a13cab,60fe129c-4409-4069-9262-bb6f2277e299
8f2334a3-ead8-4a05-91e3-55ed83a13cab,7d9f69b7-81e7-4b42-ac24-ee58028740c8
8f2334a3-ead8-4a05-91e3-55ed83a13cab,66402dcb-9bda-41d4-a3ad-a5f6550b9db4
8f2334a3-ead8-4a05-91e3-55ed83a13cab,17410183-d250-49c9-8be1-04d26fa4c71d
8f2334a3-ead8-4a05-91e3-55ed83a13cab,e3fd9b66-b660-4460-8e1f-44282136bf5c
8f2334a3-ead8-4a05-91e3-55ed83a13cab,9a48bf40-4567-473d-b9f6-100ae4ac83eb
8f2334a3-ead8-4a05-91e3-55ed83a13cab,35143c2f-0484-44e2-bf27-7baa7ca5e135
8f2334a3-ead8-4a05-91e3-55ed83a13cab,c36aa359-1fca-45da-bf1f-9cfaf706a4b2
03659fc1-e2b6-407c-8f90-8854fbfe82c7,7265976c-b461-4644-b84f-246f43a37db9
03659fc1-e2b6-407c-8f90-8854fbfe82c7,4214801b-ff63-445a-b1ea-5e640c6a7cda
03659fc1-e2b6-407c-8f90-8854fbfe82c7,d48db0f4-fab6-4d18-bc1f-aec43772af96
03659fc1-e2b6-407c-8f90-8854fbfe82c7,6e4c8548-b7e4-4811-8720-abf576956ef8
03659fc1-e2b6-407c-8f90-8854fbfe82c7,091d16b3-1326-4420-9e45-f8e196764eca
03659fc1-e2b6-407c-8f90-8854fbfe82c7,ced408d9-b686-4aac-89f4-1e778cab0b48
03659fc1-e2b6-407c-8f90-8854fbfe82c7,24b54cbb-e955-4861-8d6f-7b98d262c077
03659fc1-e2b6-407c-8f90-8854fbfe82c7,5f8bb72f-6745-4a0e-8122-2d72fa5a392b
03659fc1-e2b6-407c-8f90-8854fbfe82c7,9f00b0fb-2fa2-4712-84a2-c8a80ed6ed61
03659fc1-e2b6-407c-8f90-8854fbfe82c7,de9a5376-a45b-4255-8e82-031ce6728e87
710f21dc-4237-4459-90fd-b117a71d347f,60535489-7d75-4686-a578-a42ca0cd1e49
710f21dc-4237-4459-90fd-b117a71d347f,3c62fa98-904b-46b1-a392-a632c2bfd658
710f21dc-4237-4459-90fd-b117a71d347f,01ea95f9-0747-466e-a0ee-637826e2e96d
710f21dc-4237-4459-90fd-b117a71d347f,f43ef43d-b2ca-46a5-83ed-8efadefc3532
710f21dc-4237-4459-90fd-b117a71d347f,59d2b01d-7a62-47eb-85c0-6a311159b126
710f21dc-4237-4459-90fd-b117a71d347f,7e6e701c-4fdb-4fdb-9b3d-3fd00005cf68
710f21dc-4237-4459-90fd-b117a71d347f,37802ece-2b2a-4042-a0a6-1b882be6cf7a
710f21dc-4237-4459-90fd-b117a71d347f,d4629513-bc4d-4c86-96e1-f7fc5c281520
710f21dc-4237-4459-90fd-b117a71d347f,eb718752-c993-4402-9cd5-ae3303037477
710f21dc-4237-4459-90fd-b117a71d347f,7273ede7-d911-4847-b7e8-8b3b6807e515
0e3906b9-e1e5-4d6d-8f31-975ef3a22724,ad762dc3-0fb6-4790-99bc-d3c67d034fbe
0e3906b9-e1e5-4d6d-8f31-975ef3a22724,226aaeaf-f52e-40aa-ab65-7a1005f4556e
0e3906b9-e1e5-4d6d-8f31-975ef3a22724,6f18aab1-e92f-4a1d-b744-547d1fe2bdcd
0e3906b9-e1e5-4d6d-8f31-975ef3a22724,c3f5320d-117d-4a12-a97b-bc8136876bb4
0e3906b9-e1e5-4d6d-8f31-975ef3a22724,fc4e73fa-ad54-4346-90f1-df02eb18d2aa
0e3906b9-e1e5-4d6d-8f31-975ef3a22724,7273ede7-d911-4847-b7e8-8b3b6807e515
0e3906b9-e1e5-4d6d-8f31-975ef3a22724,36497e70-451e-4c51-b4f3-ffdf8e4b413e
0e3906b9-e1e5-4d6d-8f31-975ef3a22724,02df5df9-bb92-4b57-9b4d-d03df372532c
0e3906b9-e1e5-4d6d-8f31-975ef3a22724,eb718752-c993-4402-9cd5-ae3303037477
0e3906b9-e1e5-4d6d-8f31-975ef3a22724,79e3ef9f-43fe-4f4f-aebb-3ac3b46dac05
828cdb5a-353a-404c-b059-cbf61829918a,8408c60c-7685-4953-8f50-2154c409d920
828cdb5a-353a-404c-b059-cbf61829918a,67f968be-548f-498c-8606-ca9f190de7a5
828cdb5a-353a-404c-b059-cbf61829918a,0efb98df-0b2d-45ca-ad72-182aa7af4f0d
828cdb5a-353a-404c-b059-cbf61829918a,0b76284e-1184-4a86-b299-d604a4a03f15
828cdb5a-353a-404c-b059-cbf61829918a,32403252-5b1f-420f-b3e5-5fd714d2af52
828cdb5a-353a-404c-b059-cbf61829918a,6f18aab1-e92f-4a1d-b744-547d1fe2bdcd
828cdb5a-353a-404c-b059-cbf61829918a,682113bb-a52c-4bc9-a3ee-43c67cbf55f7
828cdb5a-353a-404c-b059-cbf61829918a,0118d2c3-ec15-470e-b22d-4ae0134bd46e
828cdb5a-353a-404c-b059-cbf61829918a,80379ac8-7094-4a3b-9ddb-c0548dd83050
828cdb5a-353a-404c-b059-cbf61829918a,163f0885-8ad1-41fb-a09a-cb8e863c837c
1111fd1f-7868-40a5-9dec-15dcd9b175a3,1f41baad-817c-4e8d-81ea-9baae2589678
1111fd1f-7868-40a5-9dec-15dcd9b175a3,1757d48d-1979-4e2d-a373-24405c5431c3
1111fd1f-7868-40a5-9dec-15dcd9b175a3,05b95428-108d-4ec9-a8cd-5b6a70c35cda
1111fd1f-7868-40a5-9dec-15dcd9b175a3,f90fa723-9d8f-4260-9e03-34778e0ea7d1
1111fd1f-7868-40a5-9dec-15dcd9b175a3,09e07c50-04ed-4f7e-b1bc-bad22d316ebe
1111fd1f-7868-40a5-9dec-15dcd9b175a3,4988f79d-2945-471d-b238-79f04949ed34
1111fd1f-7868-40a5-9dec-15dcd9b175a3,f7048ce4-6368-4087-9204-62d90480f708
1111fd1f-7868-40a5-9dec-15dcd9b175a3,307e8e3a-1910-4ccd-a25e-38f14ff750cf
1111fd1f-7868-40a5-9dec-15dcd9b175a3,35143c2f-0484-44e2-bf27-7baa7ca5e135
1111fd1f-7868-40a5-9dec-15dcd9b175a3,7d9f69b7-81e7-4b42-ac24-ee58028740c8
59cd7586-f768-4ae1-9bed-c17bce2dea9d,ce922548-f53a-4e4d-97c3-4c7afecbfcd6
59cd7586-f768-4ae1-9bed-c17bce2dea9d,14c76b33-3098-4f96-a8de-a85227bbda74
59cd7586-f768-4ae1-9bed-c17bce2dea9d,d0d9e6e7-47c1-4470-9124-d10613c09ece
59cd7586-f768-4ae1-9bed-c17bce2dea9d,047050b7-cacf-4d2a-8bd1-50dae6db9d01
59cd7586-f768-4ae1-9bed-c17bce2dea9d,8b2d135d-2f37-4a1c-8795-35ec075be68f
59cd7586-f768-4ae1-9bed-c17bce2dea9d,26918716-9365-4f4a-991f-241ffc350628
59cd7586-f768-4ae1-9bed-c17bce2dea9d,575d4e21-9d41-43e3-a001-1df583de26fa
59cd7586-f768-4ae1-9bed-c17bce2dea9d,83e477a2-750a-4008-9ba6-61bf0cb3aeef
59cd7586-f768-4ae1-9bed-c17bce2dea9d,0e9fc58d-b993-4ca6-b2d1-c98128a6b7f8
59cd7586-f768-4ae1-9bed-c17bce2dea9d,dd0e6c05-2af1-4d8a-9262-2d227e25497d
fe872d20-f73b-47f0-9c26-cc080e994582,1fe9cded-3b48-48d4-bfc4-b07c269c63a1
fe872d20-f73b-47f0-9c26-cc080e994582,093d0b21-5e17-4cc4-8a7d-713b4d6b45be
fe872d20-f73b-47f0-9c26-cc080e994582,35143c2f-0484-44e2-bf27-7baa7ca5e135
fe872d20-f73b-47f0-9c26-cc080e994582,f90fa723-9d8f-4260-9e03-34778e0ea7d1
fe872d20-f73b-47f0-9c26-cc080e994582,8b2d135d-2f37-4a1c-8795-35ec075be68f
fe872d20-f73b-47f0-9c26-cc080e994582,26918716-9365-4f4a-991f-241ffc350628
fe872d20-f73b-47f0-9c26-cc080e994582,8587d745-92a6-4882-b3c3-0f7308ac627a
fe872d20-f73b-47f0-9c26-cc080e994582,3805b6a9-291c-4315-bca0-0b96c01c7ef7
fe872d20-f73b-47f0-9c26-cc080e994582,305c4cb3-0ceb-4dd7-b3ab-6a227294e478
fe872d20-f73b-47f0-9c26-cc080e994582,8c5bd335-7c3d-4d35-a188-f79309b54571
363eb084-5711-4615-a169-50fc3a80e296,a5a4cfd5-d198-47f0-b807-c06d5e42ab82
363eb084-5711-4615-a169-50fc3a80e296,67cff384-b6f8-4aa8-a48b-48ec72740270
363eb084-5711-4615-a169-50fc3a80e296,a24737dc-710a-4096-bf47-6725122547e0
363eb084-5711-4615-a169-50fc3a80e296,5154d031-7be6-4fb5-8181-5f7e57c96a4b
363eb084-5711-4615-a169-50fc3a80e296,c5942b89-3845-4585-a376-fd760e772fdf
363eb084-5711-4615-a169-50fc3a80e296,6cd29451-b9fc-43b8-bc40-9b4c7812b8c0
363eb084-5711-4615-a169-50fc3a80e296,07a7fc00-eb3b-418b-bbd4-60ed4a0aaacf
363eb084-5711-4615-a169-50fc3a80e296,04865b70-9b53-4e8b-9fa7-de87552ac172
363eb084-5711-4615-a169-50fc3a80e296,35887d1e-8857-49df-a573-36d700560004
363eb084-5711-4615-a169-50fc3a80e296,288d8d0d-22fe-4ef7-9535-21ff5feafa5d
3e5da524-7dc7-44b9-abbb-c1a0cad3a496,a837a6a6-e5b9-481f-b23f-95038f005020
3e5da524-7dc7-44b9-abbb-c1a0cad3a496,c0cb14be-fe7c-4a59-b684-31e6a670d0fd
3e5da524-7dc7-44b9-abbb-c1a0cad3a496,2a924daa-b652-4296-8e37-c0353fc2c4f6
3e5da524-7dc7-44b9-abbb-c1a0cad3a496,e5755e48-0a36-4428-a6db-04b5ed100a83
3e5da524-7dc7-44b9-abbb-c1a0cad3a496,202e1f87-172f-4bb0-bbee-06b18f125c92
3e5da524-7dc7-44b9-abbb-c1a0cad3a496,8b2d135d-2f37-4a1c-8795-35ec075be68f
3e5da524-7dc7-44b9-abbb-c1a0cad3a496,19233a62-c1d3-4af7-82ba-d2382d7e69f1
3e5da524-7dc7-44b9-abbb-c1a0cad3a496,ab8f4b6f-8ed7-4ee0-9fab-29611a8d49ac
3e5da524-7dc7-44b9-abbb-c1a0cad3a496,8587d745-92a6-4882-b3c3-0f7308ac627a
3e5da524-7dc7-44b9-abbb-c1a0cad3a496,4e67f9ac-8cf9-4427-938e-bad7bf33154f
10b9d8d4-2205-47b8-ad51-87bb214cff25,0d0aa890-e91a-4af9-b2ca-9e1e4b0ac635
10b9d8d4-2205-47b8-ad51-87bb214cff25,69b7b43b-9fbd-4001-9106-ac6d2711b716
10b9d8d4-2205-47b8-ad51-87bb214cff25,05800de6-c330-481c-9655-614f594d2ad1
10b9d8d4-2205-47b8-ad51-87bb214cff25,f7048ce4-6368-4087-9204-62d90480f708
10b9d8d4-2205-47b8-ad51-87bb214cff25,44e38b7b-11b1-4ada-82e2-6583c947aa34
10b9d8d4-2205-47b8-ad51-87bb214cff25,bbc597dd-dc54-4187-ab2e-9a72f046f0fd
10b9d8d4-2205-47b8-ad51-87bb214cff25,a3fa6ee1-598d-4f06-a89d-ee2660eaeef3
10b9d8d4-2205-47b8-ad51-87bb214cff25,13194c93-89c6-4ab4-aaf2-15db5d73b74e
10b9d8d4-2205-47b8-ad51-87bb214cff25,1fc1239e-f1a8-4943-bd20-af2bf9f06274
10b9d8d4-2205-47b8-ad51-87bb214cff25,a65906cf-f469-410f-978b-bd532eaf21d6
331a1f4a-025d-4bbf-9239-d29d0f65becb,12971987-f859-491b-b9f9-9137c1681964
331a1f4a-025d-4bbf-9239-d29d0f65becb,35640f10-c6c5-47e6-a6c0-9974efa89d9c
331a1f4a-025d-4bbf-9239-d29d0f65becb,91b5754c-2e9c-4b71-8a8d-3b1f51774b7e
331a1f4a-025d-4bbf-9239-d29d0f65becb,d8092bc4-dcf6-460d-8682-3d92cba0a750
331a1f4a-025d-4bbf-9239-d29d0f65becb,05b95428-108d-4ec9-a8cd-5b6a70c35cda
331a1f4a-025d-4bbf-9239-d29d0f65becb,09e07c50-04ed-4f7e-b1bc-bad22d316ebe
331a1f4a-025d-4bbf-9239-d29d0f65becb,2a924daa-b652-4296-8e37-c0353fc2c4f6
331a1f4a-025d-4bbf-9239-d29d0f65becb,0cf94206-a008-4952-8118-29c4044bdbc0
331a1f4a-025d-4bbf-9239-d29d0f65becb,0d286b5c-1745-4606-8e27-a7ad851a68bb
331a1f4a-025d-4bbf-9239-d29d0f65becb,da0d5a8c-e481-4c15-af9f-b8cbee4da1f1
434df0b1-3461-4f36-b2b7-c78bb3b02af3,54372710-58e2-4924-991f-c7c6c14061d9
434df0b1-3461-4f36-b2b7-c78bb3b02af3,691042e6-71ae-4fdd-aba9-f1b40b6230e3
434df0b1-3461-4f36-b2b7-c78bb3b02af3,4988f79d-2945-471d-b238-79f04949ed34
434df0b1-3461-4f36-b2b7-c78bb3b02af3,6833643a-b2cd-4685-bc0f-e4d713750bf7
434df0b1-3461-4f36-b2b7-c78bb3b02af3,79ae7638-afcd-4b94-ac52-37eb33aeefc3
434df0b1-3461-4f36-b2b7-c78bb3b02af3,66e342f1-ca85-4576-807d-8e3857d4f142
434df0b1-3461-4f36-b2b7-c78bb3b02af3,82822f34-826d-4316-a8f0-d48a96067009
434df0b1-3461-4f36-b2b7-c78bb3b02af3,78da678d-6964-4780-b175-651ae2108257
434df0b1-3461-4f36-b2b7-c78bb3b02af3,2b4576d5-5719-4bfe-aa8f-18174eb0b5d5
434df0b1-3461-4f36-b2b7-c78bb3b02af3,c1fd17a9-2900-4f45-812c-4a90fcc0a61c
3a28489d-5c4d-42e3-a2a5-b938dc41f535,632f5ea3-b3b5-4076-b6b3-fb0d67c10670
3a28489d-5c4d-42e3-a2a5-b938dc41f535,00d4f237-01d0-4dc4-83c0-5b0e543d7eb8
3a28489d-5c4d-42e3-a2a5-b938dc41f535,00772b99-31a1-4c71-8edf-5b0a7f6a2b8d
3a28489d-5c4d-42e3-a2a5-b938dc41f535,0da14eba-ea5f-4e3d-be7e-a1e51c3ed003
3a28489d-5c4d-42e3-a2a5-b938dc41f535,60f5d7d6-a1fc-4cfc-9dc7-aff012618af6
3a28489d-5c4d-42e3-a2a5-b938dc41f535,7d12d21b-bacd-480c-ac26-fc8b64b9e7cd
3a28489d-5c4d-42e3-a2a5-b938dc41f535,038c4d4a-f5c1-47db-90c7-35b13514773a
3a28489d-5c4d-42e3-a2a5-b938dc41f535,022aee6e-5570-43b5-ab5e-b7ad975b71ea
3a28489d-5c4d-42e3-a2a5-b938dc41f535,f9907df7-07b6-48cf-80be-aac44fdc741f
3a28489d-5c4d-42e3-a2a5-b938dc41f535,a24737dc-710a-4096-bf47-6725122547e0
69538706-6845-42ea-88b8-c7e092bc3e3d,6aae980b-0d40-43a5-8f50-e7e4d1190e9d
69538706-6845-42ea-88b8-c7e092bc3e3d,9453e7e5-9afe-4cc3-8f8c-14675fff15d4
69538706-6845-42ea-88b8-c7e092bc3e3d,f90fa723-9d8f-4260-9e03-34778e0ea7d1
69538706-6845-42ea-88b8-c7e092bc3e3d,9a48bf40-4567-473d-b9f6-100ae4ac83eb
69538706-6845-42ea-88b8-c7e092bc3e3d,e2e73025-490f-43a6-a4c1-84a695041b0c
69538706-6845-42ea-88b8-c7e092bc3e3d,73579cc7-6c2e-4f24-9762-92f94e15c836
69538706-6845-42ea-88b8-c7e092bc3e3d,8c5bd335-7c3d-4d35-a188-f79309b54571
69538706-6845-42ea-88b8-c7e092bc3e3d,3641d4c2-9a6a-4788-b0db-11046ded84ef
69538706-6845-42ea-88b8-c7e092bc3e3d,2a924daa-b652-4296-8e37-c0353fc2c4f6
69538706-6845-42ea-88b8-c7e092bc3e3d,a6ed5358-6ad7-422e-9be6-dbc49a02586c
44e38b7b-11b1-4ada-82e2-6583c947aa34,24f0414a-fb48-41ba-a32d-f8a498c6bb59
44e38b7b-11b1-4ada-82e2-6583c947aa34,6cbd2e2b-c869-43f2-93b3-1d3deb513196
44e38b7b-11b1-4ada-82e2-6583c947aa34,f7048ce4-6368-4087-9204-62d90480f708
44e38b7b-11b1-4ada-82e2-6583c947aa34,78683dde-8e91-4634-92f1-6f4d1ae50e37
44e38b7b-11b1-4ada-82e2-6583c947aa34,c7677cc2-9d61-4b8e-bfa4-43472f94acd5
44e38b7b-11b1-4ada-82e2-6583c947aa34,05800de6-c330-481c-9655-614f594d2ad1
44e38b7b-11b1-4ada-82e2-6583c947aa34,ba9dbfff-f193-43b8-b1ab-7c5ad426ab14
44e38b7b-11b1-4ada-82e2-6583c947aa34,d452127a-e5ed-4b58-97db-54a2426b7e45
44e38b7b-11b1-4ada-82e2-6583c947aa34,a65906cf-f469-410f-978b-bd532eaf21d6
44e38b7b-11b1-4ada-82e2-6583c947aa34,05b95428-108d-4ec9-a8cd-5b6a70c35cda
873ee083-8268-4cf4-8f04-cd2270c05d4f,03a3fe4b-7983-4d15-bdc7-e0e1760ca5f3
873ee083-8268-4cf4-8f04-cd2270c05d4f,0bbb7c88-5299-408d-8e77-24c81c769435
873ee083-8268-4cf4-8f04-cd2270c05d4f,15e40966-6cbb-473c-97fc-362de81f95d9
873ee083-8268-4cf4-8f04-cd2270c05d4f,344fd45c-4d5d-4caa-8e45-f5690af59238
873ee083-8268-4cf4-8f04-cd2270c05d4f,ce0e498c-bbad-4795-bba7-866126beefd2
873ee083-8268-4cf4-8f04-cd2270c05d4f,f69b39a6-8063-43a2-a604-52a2567c3878
873ee083-8268-4cf4-8f04-cd2270c05d4f,1599ed89-3ecd-44b2-ba42-0765b78beeb8
873ee083-8268-4cf4-8f04-cd2270c05d4f,0cf94206-a008-4952-8118-29c4044bdbc0
873ee083-8268-4cf4-8f04-cd2270c05d4f,3fa8febd-142b-4a79-ab73-149898c414a4
15e40966-6cbb-473c-97fc-362de81f95d9,520b07d4-eda4-48e3-a5a5-7e2c28cb92a4
15e40966-6cbb-473c-97fc-362de81f95d9,37ab95cc-a8e0-464e-b57e-26be822ab356
15e40966-6cbb-473c-97fc-362de81f95d9,092e42a4-c8f5-4837-9663-8a50405a3896
15e40966-6cbb-473c-97fc-362de81f95d9,a51c9595-aac7-45df-b496-d39c502a56b0
15e40966-6cbb-473c-97fc-362de81f95d9,344fd45c-4d5d-4caa-8e45-f5690af59238
15e40966-6cbb-473c-97fc-362de81f95d9,4988f79d-2945-471d-b238-79f04949ed34
15e40966-6cbb-473c-97fc-362de81f95d9,3fa8febd-142b-4a79-ab73-149898c414a4
15e40966-6cbb-473c-97fc-362de81f95d9,df3c524b-28ab-4165-8257-eb1baecfa6df
15e40966-6cbb-473c-97fc-362de81f95d9,18587a60-bdd6-45bd-8a8c-156bcfa1d7c9
2a924daa-b652-4296-8e37-c0353fc2c4f6,047c268d-fe5b-4aaf-a20b-d7ff32145100
2a924daa-b652-4296-8e37-c0353fc2c4f6,7eda7b08-2131-4785-8cdc-258167c905b5
2a924daa-b652-4296-8e37-c0353fc2c4f6,9a48bf40-4567-473d-b9f6-100ae4ac83eb
2a924daa-b652-4296-8e37-c0353fc2c4f6,24788d77-9950-450f-a6f8-4e3b9da220d4
2a924daa-b652-4296-8e37-c0353fc2c4f6,8b2d135d-2f37-4a1c-8795-35ec075be68f
2a924daa-b652-4296-8e37-c0353fc2c4f6,e5755e48-0a36-4428-a6db-04b5ed100a83
2a924daa-b652-4296-8e37-c0353fc2c4f6,0d286b5c-1745-4606-8e27-a7ad851a68bb
2a924daa-b652-4296-8e37-c0353fc2c4f6,31990f0e-a62b-4577-ae31-21af514a5da0
2a924daa-b652-4296-8e37-c0353fc2c4f6,202e1f87-172f-4bb0-bbee-06b18f125c92
e5755e48-0a36-4428-a6db-04b5ed100a83,b35127eb-0696-40ae-bb08-8eb9d8c74cdd
e5755e48-0a36-4428-a6db-04b5ed100a83,559d6bc0-003c-4aea-bb41-33206279b7aa
e5755e48-0a36-4428-a6db-04b5ed100a83,22ae2174-d74b-465d-a7b0-427a41ecedcc
e5755e48-0a36-4428-a6db-04b5ed100a83,202e1f87-172f-4bb0-bbee-06b18f125c92
e5755e48-0a36-4428-a6db-04b5ed100a83,1599ed89-3ecd-44b2-ba42-0765b78beeb8
e5755e48-0a36-4428-a6db-04b5ed100a83,c1fd17a9-2900-4f45-812c-4a90fcc0a61c
e5755e48-0a36-4428-a6db-04b5ed100a83,24788d77-9950-450f-a6f8-4e3b9da220d4
e5755e48-0a36-4428-a6db-04b5ed100a83,9a48bf40-4567-473d-b9f6-100ae4ac83eb
8b2d135d-2f37-4a1c-8795-35ec075be68f,35143c2f-0484-44e2-bf27-7baa7ca5e135
8b2d135d-2f37-4a1c-8795-35ec075be68f,0d286b5c-1745-4606-8e27-a7ad851a68bb
8b2d135d-2f37-4a1c-8795-35ec075be68f,575d4e21-9d41-43e3-a001-1df583de26fa
8b2d135d-2f37-4a1c-8795-35ec075be68f,6a9c0b3f-9a29-42c3-8270-7a68f0b58c61
8b2d135d-2f37-4a1c-8795-35ec075be68f,f90fa723-9d8f-4260-9e03-34778e0ea7d1
8b2d135d-2f37-4a1c-8795-35ec075be68f,8587d745-92a6-4882-b3c3-0f7308ac627a
8b2d135d-2f37-4a1c-8795-35ec075be68f,4fb07e4c-8a52-40e6-9529-bfb0af1e0643
8b2d135d-2f37-4a1c-8795-35ec075be68f,617dfc80-eb78-4f54-bdc2-39412dacd7b3
8b2d135d-2f37-4a1c-8795-35ec075be68f,24788d77-9950-450f-a6f8-4e3b9da220d4
208e92ab-42f0-44b3-8c03-5872944ce891,f69e37c2-49bf-4901-8c69-25c5789c1a64
208e92ab-42f0-44b3-8c03-5872944ce891,43dcf53e-70b7-4fa5-ba66-49a27521fc97
208e92ab-42f0-44b3-8c03-5872944ce891,0118d2c3-ec15-470e-b22d-4ae0134bd46e
208e92ab-42f0-44b3-8c03-5872944ce891,15d5edc1-3a20-4b2c-912b-e69dd8f6355d
208e92ab-42f0-44b3-8c03-5872944ce891,e9750236-774b-460d-bd4d-fdf05b3fc367
208e92ab-42f0-44b3-8c03-5872944ce891,98300063-19d1-432e-a066-9e9f2869f242
208e92ab-42f0-44b3-8c03-5872944ce891,0ec4e51b-a944-4a85-be1b-7e49f52a360a
208e92ab-42f0-44b3-8c03-5872944ce891,a164428e-3391-415c-9814-d7a695ea9875
208e92ab-42f0-44b3-8c03-5872944ce891,7ac31983-e60a-4bcc-9e19-71e3b1362ce6
208e92ab-42f0-44b3-8c03-5872944ce891,e787999f-46f5-4d97-9b46-11a3a9b0a2d5
4fb07e4c-8a52-40e6-9529-bfb0af1e0643,125fc4ba-3106-46c0-967f-ce7ac9ac958e
4fb07e4c-8a52-40e6-9529-bfb0af1e0643,68618da4-235e-4afc-99a2-46ff6e9b5621
4fb07e4c-8a52-40e6-9529-bfb0af1e0643,498eb6fb-e438-4af0-9f49-e66dcc616e25
4fb07e4c-8a52-40e6-9529-bfb0af1e0643,102519c2-d076-4aee-8189-c44b32e62da7
4fb07e4c-8a52-40e6-9529-bfb0af1e0643,3bcd370b-c86f-44ab-8c08-1f2d6e6ff992
4fb07e4c-8a52-40e6-9529-bfb0af1e0643,d0d9670a-b485-49d6-bf54-e7ed45a7642c
4fb07e4c-8a52-40e6-9529-bfb0af1e0643,1b0fcf2a-7130-42c9-b1b5-bb29c14b4fd5
4fb07e4c-8a52-40e6-9529-bfb0af1e0643,bde82667-2f66-48dd-aefd-517a70cedaf5
4fb07e4c-8a52-40e6-9529-bfb0af1e0643,01f4ebe7-4a79-4205-86b5-83f0c678a8a0
032658ec-a0cb-479b-af00-33bdf275b8e6,043059a4-3b6c-4e55-9d7d-9331cc437095
032658ec-a0cb-479b-af00-33bdf275b8e6,9f5bac56-1521-4d43-8552-7579fd122f46
032658ec-a0cb-479b-af00-33bdf275b8e6,0efb98df-0b2d-45ca-ad72-182aa7af4f0d
032658ec-a0cb-479b-af00-33bdf275b8e6,fa9c2240-9c9e-4d7a-a24a-cc1807ad2a10
032658ec-a0cb-479b-af00-33bdf275b8e6,07a7fc00-eb3b-418b-bbd4-60ed4a0aaacf
032658ec-a0cb-479b-af00-33bdf275b8e6,256c5c12-fb16-4599-9576-c5a57fb2e579
032658ec-a0cb-479b-af00-33bdf275b8e6,82f3c61a-3c15-4943-8c76-ed1e230262c7
032658ec-a0cb-479b-af00-33bdf275b8e6,13194c93-89c6-4ab4-aaf2-15db5d73b74e
032658ec-a0cb-479b-af00-33bdf275b8e6,65d1cc1d-c33d-4b4c-99c7-bb9d3f0c4ab7
032658ec-a0cb-479b-af00-33bdf275b8e6,0118d2c3-ec15-470e-b22d-4ae0134bd46e
e9750236-774b-460d-bd4d-fdf05b3fc367,2d4b4877-0600-4c53-9e27-6b0120dcd6f9
e9750236-774b-460d-bd4d-fdf05b3fc367,de4109d0-75b6-4685-932c-b866bb17e4ab
e9750236-774b-460d-bd4d-fdf05b3fc367,0118d2c3-ec15-470e-b22d-4ae0134bd46e
e9750236-774b-460d-bd4d-fdf05b3fc367,6a7e4552-ed19-4513-9586-e949c486ec9f
e9750236-774b-460d-bd4d-fdf05b3fc367,7ac31983-e60a-4bcc-9e19-71e3b1362ce6
e9750236-774b-460d-bd4d-fdf05b3fc367,0b0bb002-8b52-4ceb-bc67-e4c622f4d5d8
e9750236-774b-460d-bd4d-fdf05b3fc367,43dcf53e-70b7-4fa5-ba66-49a27521fc97
e9750236-774b-460d-bd4d-fdf05b3fc367,dc0cce76-0cec-4ffd-b02a-791042c87936
e9750236-774b-460d-bd4d-fdf05b3fc367,539167ba-a704-4908-b25c-d07918294598
0151985b-fae7-4397-8cfe-369f4158f74d,038c4d4a-f5c1-47db-90c7-35b13514773a
0151985b-fae7-4397-8cfe-369f4158f74d,e709edcb-dcc8-48d4-8fb3-423754fcbe17
0151985b-fae7-4397-8cfe-369f4158f74d,7ca6d135-8602-40ab-b46c-23fa456bcbd0
0151985b-fae7-4397-8cfe-369f4158f74d,706ef3f3-e0c0-4d40-8ef4-46d9592beed9
0151985b-fae7-4397-8cfe-369f4158f74d,131323d7-a4b5-48c0-8eb4-ed43fdd0793b
0151985b-fae7-4397-8cfe-369f4158f74d,60f5d7d6-a1fc-4cfc-9dc7-aff012618af6
0151985b-fae7-4397-8cfe-369f4158f74d,889b5118-7a6a-42ed-b525-9f959162ba3e
0151985b-fae7-4397-8cfe-369f4158f74d,cbd13c67-ddff-4533-a995-49ed8acc4d91
0151985b-fae7-4397-8cfe-369f4158f74d,37398f21-2564-413d-ae10-06929bf98b01
0151985b-fae7-4397-8cfe-369f4158f74d,9e6664df-a413-4767-ae16-10bef561fc1c
91b5754c-2e9c-4b71-8a8d-3b1f51774b7e,1463754c-844e-478e-aec4-41de2719e98f
91b5754c-2e9c-4b71-8a8d-3b1f51774b7e,2c2a77de-053f-4054-989a-eba8d5090104
91b5754c-2e9c-4b71-8a8d-3b1f51774b7e,92458319-5c62-4e9e-b803-1cbca865117f
91b5754c-2e9c-4b71-8a8d-3b1f51774b7e,0b364cff-7428-4ac1-882b-b61b60ba2794
91b5754c-2e9c-4b71-8a8d-3b1f51774b7e,e4a55be3-8a90-45f4-b222-8f6d2fadc3dd
91b5754c-2e9c-4b71-8a8d-3b1f51774b7e,3805b6a9-291c-4315-bca0-0b96c01c7ef7
91b5754c-2e9c-4b71-8a8d-3b1f51774b7e,6d6a6a10-7206-41ed-9a84-74bb53ebce49
91b5754c-2e9c-4b71-8a8d-3b1f51774b7e,44bf1aa0-24c0-4c67-aa29-154b5f28c6e8
092e42a4-c8f5-4837-9663-8a50405a3896,d3cc4ef9-6386-4932-be85-b64f7f4e9674
092e42a4-c8f5-4837-9663-8a50405a3896,40a68514-b7b8-469d-a12c-9341484bc346
092e42a4-c8f5-4837-9663-8a50405a3896,f69b39a6-8063-43a2-a604-52a2567c3878
092e42a4-c8f5-4837-9663-8a50405a3896,944bd5e2-bb27-482b-a358-bad83ca61647
092e42a4-c8f5-4837-9663-8a50405a3896,2f83a795-b784-413c-92d7-ae731ba69d25
092e42a4-c8f5-4837-9663-8a50405a3896,344fd45c-4d5d-4caa-8e45-f5690af59238
092e42a4-c8f5-4837-9663-8a50405a3896,d8b9f15b-2e1a-47a9-9f5c-0eaa71f0275f
092e42a4-c8f5-4837-9663-8a50405a3896,a63449b1-98b7-41da-8087-66fce7e70c0a
092e42a4-c8f5-4837-9663-8a50405a3896,0062af2d-3932-4b11-a61f-b582ef791aef
d48db0f4-fab6-4d18-bc1f-aec43772af96,bbc597dd-dc54-4187-ab2e-9a72f046f0fd
d48db0f4-fab6-4d18-bc1f-aec43772af96,66ddd018-4bc6-4940-b38b-7dafe8e45090
d48db0f4-fab6-4d18-bc1f-aec43772af96,a3fa6ee1-598d-4f06-a89d-ee2660eaeef3
d48db0f4-fab6-4d18-bc1f-aec43772af96,13194c93-89c6-4ab4-aaf2-15db5d73b74e
d48db0f4-fab6-4d18-bc1f-aec43772af96,35143c2f-0484-44e2-bf27-7baa7ca5e135
d48db0f4-fab6-4d18-bc1f-aec43772af96,216b0d95-63eb-4b85-b229-386c81d2434c
d48db0f4-fab6-4d18-bc1f-aec43772af96,2a3e8a48-e484-4f7b-83c7-c221b45c1d76
d48db0f4-fab6-4d18-bc1f-aec43772af96,09e07c50-04ed-4f7e-b1bc-bad22d316ebe
d48db0f4-fab6-4d18-bc1f-aec43772af96,66402dcb-9bda-41d4-a3ad-a5f6550b9db4
a88735e6-b35c-4379-8ef7-bbd2b793ccf4,2527625b-0752-48f3-95fd-c3f216686db8
a88735e6-b35c-4379-8ef7-bbd2b793ccf4,379f760d-1f29-4317-ab04-06a8218a874d
a88735e6-b35c-4379-8ef7-bbd2b793ccf4,17e5415a-4448-48b7-a8aa-93f1f7bf5af2
a88735e6-b35c-4379-8ef7-bbd2b793ccf4,a3d01483-2aef-4d74-8f82-9d50242dede0
a88735e6-b35c-4379-8ef7-bbd2b793ccf4,78683dde-8e91-4634-92f1-6f4d1ae50e37
a88735e6-b35c-4379-8ef7-bbd2b793ccf4,1f41baad-817c-4e8d-81ea-9baae2589678
a88735e6-b35c-4379-8ef7-bbd2b793ccf4,d48db0f4-fab6-4d18-bc1f-aec43772af96
a88735e6-b35c-4379-8ef7-bbd2b793ccf4,35966105-5196-460a-b58f-865c3f3d36b8
a88735e6-b35c-4379-8ef7-bbd2b793ccf4,9a48bf40-4567-473d-b9f6-100ae4ac83eb
a88735e6-b35c-4379-8ef7-bbd2b793ccf4,5fa29b31-c159-43f4-83a3-5862f6e45dc6
120bab80-2c7d-410e-9bc7-8aa3e5e5665f,a5a4cfd5-d198-47f0-b807-c06d5e42ab82
120bab80-2c7d-410e-9bc7-8aa3e5e5665f,67cff384-b6f8-4aa8-a48b-48ec72740270
120bab80-2c7d-410e-9bc7-8aa3e5e5665f,a24737dc-710a-4096-bf47-6725122547e0
120bab80-2c7d-410e-9bc7-8aa3e5e5665f,35887d1e-8857-49df-a573-36d700560004
120bab80-2c7d-410e-9bc7-8aa3e5e5665f,131323d7-a4b5-48c0-8eb4-ed43fdd0793b
120bab80-2c7d-410e-9bc7-8aa3e5e5665f,288d8d0d-22fe-4ef7-9535-21ff5feafa5d
120bab80-2c7d-410e-9bc7-8aa3e5e5665f,6cd29451-b9fc-43b8-bc40-9b4c7812b8c0
120bab80-2c7d-410e-9bc7-8aa3e5e5665f,a9093305-9fe0-483b-9152-220b4ba58619
120bab80-2c7d-410e-9bc7-8aa3e5e5665f,a720be88-d4cc-4a02-8747-79abe2cd0aa7
120bab80-2c7d-410e-9bc7-8aa3e5e5665f,5154d031-7be6-4fb5-8181-5f7e57c96a4b
0398acc1-ffdd-40c5-9443-dacae38fc15f,2ce46ecf-2dec-4a9e-96dd-93963ea3b1bd
0398acc1-ffdd-40c5-9443-dacae38fc15f,2676a4ec-e813-4521-9ac2-4158eb98e386
0398acc1-ffdd-40c5-9443-dacae38fc15f,e61ec431-92fa-4119-8ccc-86f228e5d9c4
0398acc1-ffdd-40c5-9443-dacae38fc15f,2230fbba-5ceb-4c1c-b2f7-82ed92c5f2d9
0398acc1-ffdd-40c5-9443-dacae38fc15f,01f0771a-afae-4560-84e1-8b41551ebaa0
0398acc1-ffdd-40c5-9443-dacae38fc15f,27d8e7e9-011d-4207-89b4-61628f3623cd
0398acc1-ffdd-40c5-9443-dacae38fc15f,773bfc6a-3969-4637-9915-92b4eae7ebf5
0398acc1-ffdd-40c5-9443-dacae38fc15f,0238ea6f-08f8-4a08-b7c6-cbae96b7e73b
0398acc1-ffdd-40c5-9443-dacae38fc15f,60f5d7d6-a1fc-4cfc-9dc7-aff012618af6
0398acc1-ffdd-40c5-9443-dacae38fc15f,02c4e065-0702-4fd6-a2c5-61544abb4fe8
7e9749da-3c2f-42b3-a285-e66841924a79,2a79725a-06d2-4d45-b222-3d09ac4d7c8b
7e9749da-3c2f-42b3-a285-e66841924a79,c54734b9-984f-48d3-be19-dd91620e4553
7e9749da-3c2f-42b3-a285-e66841924a79,f90fa723-9d8f-4260-9e03-34778e0ea7d1
7e9749da-3c2f-42b3-a285-e66841924a79,35143c2f-0484-44e2-bf27-7baa7ca5e135
7e9749da-3c2f-42b3-a285-e66841924a79,307e8e3a-1910-4ccd-a25e-38f14ff750cf
7e9749da-3c2f-42b3-a285-e66841924a79,617dfc80-eb78-4f54-bdc2-39412dacd7b3
7e9749da-3c2f-42b3-a285-e66841924a79,0f7393dd-b355-49ce-b03a-32420686af69
7e9749da-3c2f-42b3-a285-e66841924a79,6833643a-b2cd-4685-bc0f-e4d713750bf7
7e9749da-3c2f-42b3-a285-e66841924a79,0edbaa0e-ce92-446c-8379-81bdf1c8d3c9
7e9749da-3c2f-42b3-a285-e66841924a79,8b2d135d-2f37-4a1c-8795-35ec075be68f
1431f265-d773-415e-bd2f-9a38b27de5f6,c43b06e5-7f60-41c4-aeac-45875b248e11
1431f265-d773-415e-bd2f-9a38b27de5f6,12fdc5b0-6a33-4ea0-a70b-f300225db934
1431f265-d773-415e-bd2f-9a38b27de5f6,202e1f87-172f-4bb0-bbee-06b18f125c92
1431f265-d773-415e-bd2f-9a38b27de5f6,1e9fa7a6-e5d8-4df8-be79-c5978d37f55a
1431f265-d773-415e-bd2f-9a38b27de5f6,3e5da524-7dc7-44b9-abbb-c1a0cad3a496
1431f265-d773-415e-bd2f-9a38b27de5f6,77731510-7dd4-4e35-a9c5-d1c080692b7c
1431f265-d773-415e-bd2f-9a38b27de5f6,22ae2174-d74b-465d-a7b0-427a41ecedcc
1431f265-d773-415e-bd2f-9a38b27de5f6,3616744c-5c6d-427a-8b1f-b461e5426432
1431f265-d773-415e-bd2f-9a38b27de5f6,1599ed89-3ecd-44b2-ba42-0765b78beeb8
1431f265-d773-415e-bd2f-9a38b27de5f6,c1fd17a9-2900-4f45-812c-4a90fcc0a61c
6cd29451-b9fc-43b8-bc40-9b4c7812b8c0,bf2d8750-7396-4f6f-9703-23522d60274c
6cd29451-b9fc-43b8-bc40-9b4c7812b8c0,71b5fe44-6f8d-4a78-9919-5e27c049fc52
6cd29451-b9fc-43b8-bc40-9b4c7812b8c0,35887d1e-8857-49df-a573-36d700560004
6cd29451-b9fc-43b8-bc40-9b4c7812b8c0,c5942b89-3845-4585-a376-fd760e772fdf
6cd29451-b9fc-43b8-bc40-9b4c7812b8c0,e93ce7d7-f3f7-4df2-8d91-7bc06884ef01
6cd29451-b9fc-43b8-bc40-9b4c7812b8c0,1e4b5c8c-b87c-49b5-a00d-92978a6a393f
6cd29451-b9fc-43b8-bc40-9b4c7812b8c0,005fb1c4-5164-4ca2-a394-5a8193a1397d
6cd29451-b9fc-43b8-bc40-9b4c7812b8c0,e61ec431-92fa-4119-8ccc-86f228e5d9c4
6cd29451-b9fc-43b8-bc40-9b4c7812b8c0,131323d7-a4b5-48c0-8eb4-ed43fdd0793b
6cd29451-b9fc-43b8-bc40-9b4c7812b8c0,cfe5245b-7813-421b-b380-264918db4222
080975b0-39b1-493c-ae64-5cb3292409bb,0e3fd2b1-f79c-439f-9da1-a605032c2dce
080975b0-39b1-493c-ae64-5cb3292409bb,09e07c50-04ed-4f7e-b1bc-bad22d316ebe
080975b0-39b1-493c-ae64-5cb3292409bb,35143c2f-0484-44e2-bf27-7baa7ca5e135
080975b0-39b1-493c-ae64-5cb3292409bb,0683d2e8-b431-45b7-9778-7e41f30e5263
080975b0-39b1-493c-ae64-5cb3292409bb,a6ed5358-6ad7-422e-9be6-dbc49a02586c
080975b0-39b1-493c-ae64-5cb3292409bb,2a924daa-b652-4296-8e37-c0353fc2c4f6
080975b0-39b1-493c-ae64-5cb3292409bb,c1fd17a9-2900-4f45-812c-4a90fcc0a61c
080975b0-39b1-493c-ae64-5cb3292409bb,1599ed89-3ecd-44b2-ba42-0765b78beeb8
080975b0-39b1-493c-ae64-5cb3292409bb,dd0e6c05-2af1-4d8a-9262-2d227e25497d
080975b0-39b1-493c-ae64-5cb3292409bb,76735ab9-162a-4d2b-ac07-dc6902585986
6a7e4552-ed19-4513-9586-e949c486ec9f,0b0bb002-8b52-4ceb-bc67-e4c622f4d5d8
6a7e4552-ed19-4513-9586-e949c486ec9f,073856b6-c9f7-4cea-a6eb-e65649d8c95e
6a7e4552-ed19-4513-9586-e949c486ec9f,063e87a6-14cc-429d-859c-7ae873896ce2
6a7e4552-ed19-4513-9586-e949c486ec9f,4c33be49-f6c9-44f3-af4e-99f8d72bc1be
6a7e4552-ed19-4513-9586-e949c486ec9f,166b84d6-a912-4534-8de9-248364331c1c
6a7e4552-ed19-4513-9586-e949c486ec9f,7ac31983-e60a-4bcc-9e19-71e3b1362ce6
6a7e4552-ed19-4513-9586-e949c486ec9f,682b7f3d-7f17-4d6d-bc9c-fab343e48cc1
6a7e4552-ed19-4513-9586-e949c486ec9f,59578323-598d-4ae0-af1d-9a73eae7ddfd
6a7e4552-ed19-4513-9586-e949c486ec9f,0118d2c3-ec15-470e-b22d-4ae0134bd46e
12994b02-ce90-409a-a819-9500d5d2b38e,41f12fab-79a2-4a5c-a504-0b8513de4744
12994b02-ce90-409a-a819-9500d5d2b38e,66b1ac83-82db-43f8-abc5-0de17d3e8619
12994b02-ce90-409a-a819-9500d5d2b38e,feb93955-2724-408c-8444-41f5f20b03ef
12994b02-ce90-409a-a819-9500d5d2b38e,1fc1239e-f1a8-4943-bd20-af2bf9f06274
12994b02-ce90-409a-a819-9500d5d2b38e,bbc597dd-dc54-4187-ab2e-9a72f046f0fd
12994b02-ce90-409a-a819-9500d5d2b38e,87633ab2-16c5-4351-975e-035ef2ac2a4e
12994b02-ce90-409a-a819-9500d5d2b38e,1bfa9df8-05ad-4e82-9107-74d547eaf092
12994b02-ce90-409a-a819-9500d5d2b38e,0f7a94a7-f37d-4e2a-833e-fc11094cd980
12994b02-ce90-409a-a819-9500d5d2b38e,1b25a1b2-c68c-4eb5-bef1-38ce5324c7b5
12994b02-ce90-409a-a819-9500d5d2b38e,f7fb893a-4813-4c44-ae46-7fc12cf6df2b
2527625b-0752-48f3-95fd-c3f216686db8,13194c93-89c6-4ab4-aaf2-15db5d73b74e
2527625b-0752-48f3-95fd-c3f216686db8,1111fd1f-7868-40a5-9dec-15dcd9b175a3
2527625b-0752-48f3-95fd-c3f216686db8,a3fa6ee1-598d-4f06-a89d-ee2660eaeef3
2527625b-0752-48f3-95fd-c3f216686db8,d48db0f4-fab6-4d18-bc1f-aec43772af96
2527625b-0752-48f3-95fd-c3f216686db8,4988f79d-2945-471d-b238-79f04949ed34
2527625b-0752-48f3-95fd-c3f216686db8,35143c2f-0484-44e2-bf27-7baa7ca5e135
2527625b-0752-48f3-95fd-c3f216686db8,ba9dbfff-f193-43b8-b1ab-7c5ad426ab14
2527625b-0752-48f3-95fd-c3f216686db8,10b9d8d4-2205-47b8-ad51-87bb214cff25
2527625b-0752-48f3-95fd-c3f216686db8,2ff57d87-e97e-4c98-949c-ad44eaf04c3a
60535489-7d75-4686-a578-a42ca0cd1e49,3c62fa98-904b-46b1-a392-a632c2bfd658
60535489-7d75-4686-a578-a42ca0cd1e49,f43ef43d-b2ca-46a5-83ed-8efadefc3532
60535489-7d75-4686-a578-a42ca0cd1e49,7e6e701c-4fdb-4fdb-9b3d-3fd00005cf68
60535489-7d75-4686-a578-a42ca0cd1e49,ef9f3da1-970e-438c-9e1c-b84ed2ca51b4
60535489-7d75-4686-a578-a42ca0cd1e49,eb718752-c993-4402-9cd5-ae3303037477
60535489-7d75-4686-a578-a42ca0cd1e49,01ea95f9-0747-466e-a0ee-637826e2e96d
60535489-7d75-4686-a578-a42ca0cd1e49,37802ece-2b2a-4042-a0a6-1b882be6cf7a
60535489-7d75-4686-a578-a42ca0cd1e49,865a1edc-75b7-429a-aac2-30522fae80eb
60535489-7d75-4686-a578-a42ca0cd1e49,d4629513-bc4d-4c86-96e1-f7fc5c281520
13d21923-f9da-4015-bb75-29839cd2b2a4,03f2f3ea-ca53-4ea1-9d35-b3537375d91d
13d21923-f9da-4015-bb75-29839cd2b2a4,b8df9c90-60cc-481a-87ac-a0b32cd810ab
13d21923-f9da-4015-bb75-29839cd2b2a4,24b54cbb-e955-4861-8d6f-7b98d262c077
13d21923-f9da-4015-bb75-29839cd2b2a4,de9a5376-a45b-4255-8e82-031ce6728e87
13d21923-f9da-4015-bb75-29839cd2b2a4,cfa459c1-a5de-4162-a9b4-399e6ad03687
13d21923-f9da-4015-bb75-29839cd2b2a4,219ab499-9531-4d94-b60e-62e2dcb80d8d
13d21923-f9da-4015-bb75-29839cd2b2a4,8a3b2b5e-af88-4ae7-9a59-7f3d0f84ffaa
13d21923-f9da-4015-bb75-29839cd2b2a4,0118d2c3-ec15-470e-b22d-4ae0134bd46e
13d21923-f9da-4015-bb75-29839cd2b2a4,79ce78a3-eb08-45b8-8283-9de950c3347f
13d21923-f9da-4015-bb75-29839cd2b2a4,36497e70-451e-4c51-b4f3-ffdf8e4b413e
216b0d95-63eb-4b85-b229-386c81d2434c,0a95fa71-4eb5-4a08-8ddb-ffa327a1a238
216b0d95-63eb-4b85-b229-386c81d2434c,ced408d9-b686-4aac-89f4-1e778cab0b48
216b0d95-63eb-4b85-b229-386c81d2434c,78683dde-8e91-4634-92f1-6f4d1ae50e37
216b0d95-63eb-4b85-b229-386c81d2434c,dff733e2-9476-48a7-919b-c76fed7ffb54
216b0d95-63eb-4b85-b229-386c81d2434c,8a3b2b5e-af88-4ae7-9a59-7f3d0f84ffaa
216b0d95-63eb-4b85-b229-386c81d2434c,59329447-a5a8-47ba-9480-5d6c590ce247
216b0d95-63eb-4b85-b229-386c81d2434c,f7048ce4-6368-4087-9204-62d90480f708
216b0d95-63eb-4b85-b229-386c81d2434c,0f7393dd-b355-49ce-b03a-32420686af69
216b0d95-63eb-4b85-b229-386c81d2434c,fbcb1038-6ae1-4f35-be9a-633def93da6d
0088e5ea-5540-4685-849e-1e40fa624c8c,093d0b21-5e17-4cc4-8a7d-713b4d6b45be
0088e5ea-5540-4685-849e-1e40fa624c8c,1fe9cded-3b48-48d4-bfc4-b07c269c63a1
0088e5ea-5540-4685-849e-1e40fa624c8c,35143c2f-0484-44e2-bf27-7baa7ca5e135
0088e5ea-5540-4685-849e-1e40fa624c8c,f90fa723-9d8f-4260-9e03-34778e0ea7d1
0088e5ea-5540-4685-849e-1e40fa624c8c,307e8e3a-1910-4ccd-a25e-38f14ff750cf
0088e5ea-5540-4685-849e-1e40fa624c8c,102519c2-d076-4aee-8189-c44b32e62da7
0088e5ea-5540-4685-849e-1e40fa624c8c,3805b6a9-291c-4315-bca0-0b96c01c7ef7
0088e5ea-5540-4685-849e-1e40fa624c8c,305c4cb3-0ceb-4dd7-b3ab-6a227294e478
0088e5ea-5540-4685-849e-1e40fa624c8c,8587d745-92a6-4882-b3c3-0f7308ac627a
0088e5ea-5540-4685-849e-1e40fa624c8c,d0d9670a-b485-49d6-bf54-e7ed45a7642c
79ae7638-afcd-4b94-ac52-37eb33aeefc3,66e342f1-ca85-4576-807d-8e3857d4f142
79ae7638-afcd-4b94-ac52-37eb33aeefc3,4e6c0d85-da07-4761-9bce-13d5b526b40d
79ae7638-afcd-4b94-ac52-37eb33aeefc3,78da678d-6964-4780-b175-651ae2108257
79ae7638-afcd-4b94-ac52-37eb33aeefc3,d3ff2ae7-06e8-4386-8893-40437a779a7a
79ae7638-afcd-4b94-ac52-37eb33aeefc3,21211852-ae80-4f49-b9f3-a31b847ec073
79ae7638-afcd-4b94-ac52-37eb33aeefc3,6cc4c11d-f298-40ef-88da-d6f0aa980c34
79ae7638-afcd-4b94-ac52-37eb33aeefc3,6833643a-b2cd-4685-bc0f-e4d713750bf7
79ae7638-afcd-4b94-ac52-37eb33aeefc3,307e8e3a-1910-4ccd-a25e-38f14ff750cf
79ae7638-afcd-4b94-ac52-37eb33aeefc3,4988f79d-2945-471d-b238-79f04949ed34
79ae7638-afcd-4b94-ac52-37eb33aeefc3,31deea1c-85ec-470a-959a-e51b00c6c88f
a0842b4a-6b42-4a45-b309-48445b58333c,8c1f4c3e-24f1-49f3-836e-19bbad1ce404
a0842b4a-6b42-4a45-b309-48445b58333c,849b2dbc-c94e-432b-88a0-4d9932fab32e
a0842b4a-6b42-4a45-b309-48445b58333c,5d64ba4f-c317-4a30-9645-f7775ddb49d9
a0842b4a-6b42-4a45-b309-48445b58333c,fb45caf5-3769-4666-affb-6e4d3a823e64
a0842b4a-6b42-4a45-b309-48445b58333c,961320dd-8e5a-4eee-826e-97a8c8f6353c
a0842b4a-6b42-4a45-b309-48445b58333c,e3fd9b66-b660-4460-8e1f-44282136bf5c
a0842b4a-6b42-4a45-b309-48445b58333c,6a9c0b3f-9a29-42c3-8270-7a68f0b58c61
a0842b4a-6b42-4a45-b309-48445b58333c,b4be7f77-bb4d-46ac-931a-1fe0f8b16a9e
a0842b4a-6b42-4a45-b309-48445b58333c,374a7a48-3eef-4897-884e-c1d690662b6a
a0842b4a-6b42-4a45-b309-48445b58333c,8b2d135d-2f37-4a1c-8795-35ec075be68f
00b0f9ec-6bff-449e-98ea-50ac5129f215,539167ba-a704-4908-b25c-d07918294598
00b0f9ec-6bff-449e-98ea-50ac5129f215,948ca642-cd6f-412c-b94b-1e6c0d6a8014
00b0f9ec-6bff-449e-98ea-50ac5129f215,050fcaa2-b384-4bda-9279-96e89e5fffb7
00b0f9ec-6bff-449e-98ea-50ac5129f215,16e8d60b-44c2-46e7-afec-ff65a9191fc2
00b0f9ec-6bff-449e-98ea-50ac5129f215,f7048ce4-6368-4087-9204-62d90480f708
00b0f9ec-6bff-449e-98ea-50ac5129f215,05b95428-108d-4ec9-a8cd-5b6a70c35cda
00b0f9ec-6bff-449e-98ea-50ac5129f215,d452127a-e5ed-4b58-97db-54a2426b7e45
00b0f9ec-6bff-449e-98ea-50ac5129f215,09e07c50-04ed-4f7e-b1bc-bad22d316ebe
00b0f9ec-6bff-449e-98ea-50ac5129f215,01094cae-de10-4507-8e89-1d4ecac05865
00b0f9ec-6bff-449e-98ea-50ac5129f215,4988f79d-2945-471d-b238-79f04949ed34
0f7393dd-b355-49ce-b03a-32420686af69,e7cf0091-859d-47ee-8cc9-a233583360df
0f7393dd-b355-49ce-b03a-32420686af69,193c6d52-8417-4618-8474-7d4ed727fdde
0f7393dd-b355-49ce-b03a-32420686af69,60f376bc-dcda-40c2-8a85-b1e720f1f4a2
0f7393dd-b355-49ce-b03a-32420686af69,59329447-a5a8-47ba-9480-5d6c590ce247
0f7393dd-b355-49ce-b03a-32420686af69,66402dcb-9bda-41d4-a3ad-a5f6550b9db4
0f7393dd-b355-49ce-b03a-32420686af69,6e9b0ed1-05ab-4a26-89c3-0cbf31085dfa
0f7393dd-b355-49ce-b03a-32420686af69,bbc597dd-dc54-4187-ab2e-9a72f046f0fd
0f7393dd-b355-49ce-b03a-32420686af69,8a3b2b5e-af88-4ae7-9a59-7f3d0f84ffaa
0f7393dd-b355-49ce-b03a-32420686af69,0edbaa0e-ce92-446c-8379-81bdf1c8d3c9
0f7393dd-b355-49ce-b03a-32420686af69,aa998d80-dfb4-4e13-9797-d87b494d73fd
c1fd17a9-2900-4f45-812c-4a90fcc0a61c,a6ed5358-6ad7-422e-9be6-dbc49a02586c
c1fd17a9-2900-4f45-812c-4a90fcc0a61c,22ae2174-d74b-465d-a7b0-427a41ecedcc
c1fd17a9-2900-4f45-812c-4a90fcc0a61c,35143c2f-0484-44e2-bf27-7baa7ca5e135
c1fd17a9-2900-4f45-812c-4a90fcc0a61c,9a48bf40-4567-473d-b9f6-100ae4ac83eb
c1fd17a9-2900-4f45-812c-4a90fcc0a61c,ad8745e6-803c-428d-aafe-0979d3caa119
c1fd17a9-2900-4f45-812c-4a90fcc0a61c,0683d2e8-b431-45b7-9778-7e41f30e5263
c1fd17a9-2900-4f45-812c-4a90fcc0a61c,c36aa359-1fca-45da-bf1f-9cfaf706a4b2
c1fd17a9-2900-4f45-812c-4a90fcc0a61c,8b2d135d-2f37-4a1c-8795-35ec075be68f
c1fd17a9-2900-4f45-812c-4a90fcc0a61c,dd0e6c05-2af1-4d8a-9262-2d227e25497d
3c848550-0f64-4c30-b50a-d750672a2217,183b9e11-2143-42f9-bf04-b0ccf70458a4
3c848550-0f64-4c30-b50a-d750672a2217,1599ed89-3ecd-44b2-ba42-0765b78beeb8
3c848550-0f64-4c30-b50a-d750672a2217,9a48bf40-4567-473d-b9f6-100ae4ac83eb
3c848550-0f64-4c30-b50a-d750672a2217,8b2d135d-2f37-4a1c-8795-35ec075be68f
3c848550-0f64-4c30-b50a-d750672a2217,59c04c0c-27e3-4b54-957b-33768222515d
3c848550-0f64-4c30-b50a-d750672a2217,c1fd17a9-2900-4f45-812c-4a90fcc0a61c
3c848550-0f64-4c30-b50a-d750672a2217,e074482b-6600-4864-8a46-b15000a329a7
3c848550-0f64-4c30-b50a-d750672a2217,080975b0-39b1-493c-ae64-5cb3292409bb
3c848550-0f64-4c30-b50a-d750672a2217,e5755e48-0a36-4428-a6db-04b5ed100a83
3c848550-0f64-4c30-b50a-d750672a2217,c36aa359-1fca-45da-bf1f-9cfaf706a4b2
fb45caf5-3769-4666-affb-6e4d3a823e64,89f4d849-1bf0-43bc-be30-eb3724042085
fb45caf5-3769-4666-affb-6e4d3a823e64,374a7a48-3eef-4897-884e-c1d690662b6a
fb45caf5-3769-4666-affb-6e4d3a823e64,b4be7f77-bb4d-46ac-931a-1fe0f8b16a9e
fb45caf5-3769-4666-affb-6e4d3a823e64,6c4dc807-4073-4b0a-88e1-1cf6cb993413
fb45caf5-3769-4666-affb-6e4d3a823e64,1795a939-37ef-479b-a6e7-5586de34f5c4
fb45caf5-3769-4666-affb-6e4d3a823e64,823c7f6b-0bf3-4a50-b26a-e73849907791
fb45caf5-3769-4666-affb-6e4d3a823e64,617dfc80-eb78-4f54-bdc2-39412dacd7b3
fb45caf5-3769-4666-affb-6e4d3a823e64,6a9c0b3f-9a29-42c3-8270-7a68f0b58c61
fb45caf5-3769-4666-affb-6e4d3a823e64,6833643a-b2cd-4685-bc0f-e4d713750bf7
fb45caf5-3769-4666-affb-6e4d3a823e64,35143c2f-0484-44e2-bf27-7baa7ca5e135
9855f2d9-3720-4052-a3b0-181682666a7f,bf2d8750-7396-4f6f-9703-23522d60274c
9855f2d9-3720-4052-a3b0-181682666a7f,6cd29451-b9fc-43b8-bc40-9b4c7812b8c0
9855f2d9-3720-4052-a3b0-181682666a7f,f9fb46ef-c9f8-481f-a8a2-c98e21a1fc5d
9855f2d9-3720-4052-a3b0-181682666a7f,10899065-63cd-4365-a7a1-e158638fe338
9855f2d9-3720-4052-a3b0-181682666a7f,c5942b89-3845-4585-a376-fd760e772fdf
9855f2d9-3720-4052-a3b0-181682666a7f,dbbc6aad-99cf-45b2-a3e4-90d7afbf599b
9855f2d9-3720-4052-a3b0-181682666a7f,13194c93-89c6-4ab4-aaf2-15db5d73b74e
9855f2d9-3720-4052-a3b0-181682666a7f,9b5d8a7d-05fe-4f3d-ba09-2025858fb122
9855f2d9-3720-4052-a3b0-181682666a7f,1111fd1f-7868-40a5-9dec-15dcd9b175a3
9855f2d9-3720-4052-a3b0-181682666a7f,1f41baad-817c-4e8d-81ea-9baae2589678
6c4dc807-4073-4b0a-88e1-1cf6cb993413,4e2edf87-5df7-42ae-8907-5e9072f0f817
6c4dc807-4073-4b0a-88e1-1cf6cb993413,770e6be6-b2d4-41ce-b69e-ae070477d82a
6c4dc807-4073-4b0a-88e1-1cf6cb993413,1795a939-37ef-479b-a6e7-5586de34f5c4
6c4dc807-4073-4b0a-88e1-1cf6cb993413,887e2b96-aeed-4c41-8127-4709c8a1b066
6c4dc807-4073-4b0a-88e1-1cf6cb993413,374a7a48-3eef-4897-884e-c1d690662b6a
6c4dc807-4073-4b0a-88e1-1cf6cb993413,87148f86-c85e-448d-8828-a0a6ac6b6b80
6c4dc807-4073-4b0a-88e1-1cf6cb993413,a5fb766a-1bde-4f29-8e21-536b2b574986
6c4dc807-4073-4b0a-88e1-1cf6cb993413,6833643a-b2cd-4685-bc0f-e4d713750bf7
6c4dc807-4073-4b0a-88e1-1cf6cb993413,22f1878f-8673-4fb4-b470-ec27c5e5e145
31990f0e-a62b-4577-ae31-21af514a5da0,32114abb-717c-4a95-9c18-6e44832c65d2
31990f0e-a62b-4577-ae31-21af514a5da0,305c4cb3-0ceb-4dd7-b3ab-6a227294e478
31990f0e-a62b-4577-ae31-21af514a5da0,19233a62-c1d3-4af7-82ba-d2382d7e69f1
31990f0e-a62b-4577-ae31-21af514a5da0,8587d745-92a6-4882-b3c3-0f7308ac627a
31990f0e-a62b-4577-ae31-21af514a5da0,7f8b2ed4-fb94-454a-b03c-2e02c77e7d9d
31990f0e-a62b-4577-ae31-21af514a5da0,617dfc80-eb78-4f54-bdc2-39412dacd7b3
31990f0e-a62b-4577-ae31-21af514a5da0,24788d77-9950-450f-a6f8-4e3b9da220d4
31990f0e-a62b-4577-ae31-21af514a5da0,2bd5e46d-edf5-4a34-84bb-913806676736
31990f0e-a62b-4577-ae31-21af514a5da0,35143c2f-0484-44e2-bf27-7baa7ca5e135
31990f0e-a62b-4577-ae31-21af514a5da0,0ddf2623-3285-48b7-b9a1-f6b1ed01ee65
24f0414a-fb48-41ba-a32d-f8a498c6bb59,d0336c90-7275-4173-9005-de56364bf4ec
24f0414a-fb48-41ba-a32d-f8a498c6bb59,6cbd2e2b-c869-43f2-93b3-1d3deb513196
24f0414a-fb48-41ba-a32d-f8a498c6bb59,dde10a48-9202-4ca8-9c13-1dbf16b7a6cc
24f0414a-fb48-41ba-a32d-f8a498c6bb59,f7048ce4-6368-4087-9204-62d90480f708
24f0414a-fb48-41ba-a32d-f8a498c6bb59,05800de6-c330-481c-9655-614f594d2ad1
24f0414a-fb48-41ba-a32d-f8a498c6bb59,c7677cc2-9d61-4b8e-bfa4-43472f94acd5
24f0414a-fb48-41ba-a32d-f8a498c6bb59,b4be7f77-bb4d-46ac-931a-1fe0f8b16a9e
24f0414a-fb48-41ba-a32d-f8a498c6bb59,770e6be6-b2d4-41ce-b69e-ae070477d82a
24f0414a-fb48-41ba-a32d-f8a498c6bb59,00b0f9ec-6bff-449e-98ea-50ac5129f215
24f0414a-fb48-41ba-a32d-f8a498c6bb59,ba9dbfff-f193-43b8-b1ab-7c5ad426ab14
3805b6a9-291c-4315-bca0-0b96c01c7ef7,305c4cb3-0ceb-4dd7-b3ab-6a227294e478
3805b6a9-291c-4315-bca0-0b96c01c7ef7,a14f852b-542f-489a-9234-d990ae32ce48
3805b6a9-291c-4315-bca0-0b96c01c7ef7,2bd5e46d-edf5-4a34-84bb-913806676736
3805b6a9-291c-4315-bca0-0b96c01c7ef7,ac244104-27f1-45c2-85c7-66229f30f11b
3805b6a9-291c-4315-bca0-0b96c01c7ef7,8587d745-92a6-4882-b3c3-0f7308ac627a
3805b6a9-291c-4315-bca0-0b96c01c7ef7,35143c2f-0484-44e2-bf27-7baa7ca5e135
3805b6a9-291c-4315-bca0-0b96c01c7ef7,1fe9cded-3b48-48d4-bfc4-b07c269c63a1
3805b6a9-291c-4315-bca0-0b96c01c7ef7,0d286b5c-1745-4606-8e27-a7ad851a68bb
3805b6a9-291c-4315-bca0-0b96c01c7ef7,19233a62-c1d3-4af7-82ba-d2382d7e69f1
b1abca18-f709-42d3-bfc7-b8fe07c583d3,3877733d-04b2-48db-ba72-fd7b0d6806ed
b1abca18-f709-42d3-bfc7-b8fe07c583d3,6dd703ef-0575-42d7-aee9-e75b660f2699
b1abca18-f709-42d3-bfc7-b8fe07c583d3,44b1f66c-54ea-4d68-9460-66482f8010fe
b1abca18-f709-42d3-bfc7-b8fe07c583d3,ba797064-9135-4c96-979f-bd92c13cbb6b
b1abca18-f709-42d3-bfc7-b8fe07c583d3,8b2d135d-2f37-4a1c-8795-35ec075be68f
b1abca18-f709-42d3-bfc7-b8fe07c583d3,fd1b8698-6eed-4424-9a25-1c6f5b345ff1
b1abca18-f709-42d3-bfc7-b8fe07c583d3,33c1e136-a784-47a3-9635-39549a42812f
b1abca18-f709-42d3-bfc7-b8fe07c583d3,2a924daa-b652-4296-8e37-c0353fc2c4f6
b1abca18-f709-42d3-bfc7-b8fe07c583d3,35143c2f-0484-44e2-bf27-7baa7ca5e135
b1abca18-f709-42d3-bfc7-b8fe07c583d3,8587d745-92a6-4882-b3c3-0f7308ac627a
126e356b-5538-4b17-b599-3d95fedbf349,f17db8b2-7bb2-4fbf-9d91-605da6503154
126e356b-5538-4b17-b599-3d95fedbf349,3ae67fbd-9aad-4200-ba06-918167230b55
126e356b-5538-4b17-b599-3d95fedbf349,1811149e-73c0-4aa0-939d-d4c93ded6348
126e356b-5538-4b17-b599-3d95fedbf349,3b27dc8c-1e94-45f4-bb48-1e7dedc7ef7b
126e356b-5538-4b17-b599-3d95fedbf349,f7048ce4-6368-4087-9204-62d90480f708
126e356b-5538-4b17-b599-3d95fedbf349,78683dde-8e91-4634-92f1-6f4d1ae50e37
126e356b-5538-4b17-b599-3d95fedbf349,0118d2c3-ec15-470e-b22d-4ae0134bd46e
126e356b-5538-4b17-b599-3d95fedbf349,e9750236-774b-460d-bd4d-fdf05b3fc367
126e356b-5538-4b17-b599-3d95fedbf349,0a50e2f3-3e95-4408-bfd3-69cbe3283a4d
126e356b-5538-4b17-b599-3d95fedbf349,05800de6-c330-481c-9655-614f594d2ad1
7e742abc-2a23-4f0c-b638-4be8c299bf57,8cb0470b-6d7c-4f32-bf78-7ce1161e95a9
7e742abc-2a23-4f0c-b638-4be8c299bf57,185b1511-725f-4bfb-8c64-ef4b7e11b801
7e742abc-2a23-4f0c-b638-4be8c299bf57,74574855-25f8-47a2-8fc3-c981267a82d6
7e742abc-2a23-4f0c-b638-4be8c299bf57,710f21dc-4237-4459-90fd-b117a71d347f
7e742abc-2a23-4f0c-b638-4be8c299bf57,219ab499-9531-4d94-b60e-62e2dcb80d8d
7e742abc-2a23-4f0c-b638-4be8c299bf57,60535489-7d75-4686-a578-a42ca0cd1e49
7e742abc-2a23-4f0c-b638-4be8c299bf57,143c6b5f-f3c4-4da5-9b7c-1e67426d4e56
7e742abc-2a23-4f0c-b638-4be8c299bf57,0118d2c3-ec15-470e-b22d-4ae0134bd46e
7e742abc-2a23-4f0c-b638-4be8c299bf57,6e0eb323-251d-492c-8dd1-10c3b808266c
7e742abc-2a23-4f0c-b638-4be8c299bf57,07a16134-927e-49b5-a0fc-0e751a6824dc
feb93955-2724-408c-8444-41f5f20b03ef,1b25a1b2-c68c-4eb5-bef1-38ce5324c7b5
feb93955-2724-408c-8444-41f5f20b03ef,37e7b205-fbb5-49aa-86e7-58e3dc33e480
feb93955-2724-408c-8444-41f5f20b03ef,f71230fa-664f-495a-a3fa-1e5a33ba9052
feb93955-2724-408c-8444-41f5f20b03ef,1101e63a-811c-4ce1-9ae1-39a9ed191f22
feb93955-2724-408c-8444-41f5f20b03ef,d48db0f4-fab6-4d18-bc1f-aec43772af96
feb93955-2724-408c-8444-41f5f20b03ef,36114ff7-0d23-4fc5-8e47-f596f2ceae18
feb93955-2724-408c-8444-41f5f20b03ef,0f7a94a7-f37d-4e2a-833e-fc11094cd980
feb93955-2724-408c-8444-41f5f20b03ef,0d6b001d-48c7-42f1-b617-ae0e3781eaa5
feb93955-2724-408c-8444-41f5f20b03ef,aa983bff-fbd1-4761-9c39-b1dbf16d156c
7ed638fe-111c-4648-8a9d-eeaa891269ca,a8ad09b4-0606-42e5-9d7b-8d8daafbbe96
7ed638fe-111c-4648-8a9d-eeaa891269ca,097ae7e7-5916-4797-967a-c31e2a9ea5c3
7ed638fe-111c-4648-8a9d-eeaa891269ca,307e8e3a-1910-4ccd-a25e-38f14ff750cf
7ed638fe-111c-4648-8a9d-eeaa891269ca,f90fa723-9d8f-4260-9e03-34778e0ea7d1
7ed638fe-111c-4648-8a9d-eeaa891269ca,4988f79d-2945-471d-b238-79f04949ed34
7ed638fe-111c-4648-8a9d-eeaa891269ca,6833643a-b2cd-4685-bc0f-e4d713750bf7
7ed638fe-111c-4648-8a9d-eeaa891269ca,13194c93-89c6-4ab4-aaf2-15db5d73b74e
7ed638fe-111c-4648-8a9d-eeaa891269ca,dd0e6c05-2af1-4d8a-9262-2d227e25497d
7ed638fe-111c-4648-8a9d-eeaa891269ca,7d9f69b7-81e7-4b42-ac24-ee58028740c8
7ed638fe-111c-4648-8a9d-eeaa891269ca,78da678d-6964-4780-b175-651ae2108257
030c5163-88d9-4e9f-babb-59aa3d9db620,0ae68f2d-9d3b-4df8-b98a-0fece5d11762
030c5163-88d9-4e9f-babb-59aa3d9db620,434db322-10b4-467a-897b-807c75ccb562
030c5163-88d9-4e9f-babb-59aa3d9db620,2a3e8a48-e484-4f7b-83c7-c221b45c1d76
030c5163-88d9-4e9f-babb-59aa3d9db620,35143c2f-0484-44e2-bf27-7baa7ca5e135
030c5163-88d9-4e9f-babb-59aa3d9db620,31990f0e-a62b-4577-ae31-21af514a5da0
030c5163-88d9-4e9f-babb-59aa3d9db620,7d9f69b7-81e7-4b42-ac24-ee58028740c8
030c5163-88d9-4e9f-babb-59aa3d9db620,8b2d135d-2f37-4a1c-8795-35ec075be68f
030c5163-88d9-4e9f-babb-59aa3d9db620,575d4e21-9d41-43e3-a001-1df583de26fa
030c5163-88d9-4e9f-babb-59aa3d9db620,dd0e6c05-2af1-4d8a-9262-2d227e25497d
030c5163-88d9-4e9f-babb-59aa3d9db620,080975b0-39b1-493c-ae64-5cb3292409bb
66e342f1-ca85-4576-807d-8e3857d4f142,4e6c0d85-da07-4761-9bce-13d5b526b40d
66e342f1-ca85-4576-807d-8e3857d4f142,094e2f8f-d620-415e-975b-66f06d1dcfe9
66e342f1-ca85-4576-807d-8e3857d4f142,78da678d-6964-4780-b175-651ae2108257
66e342f1-ca85-4576-807d-8e3857d4f142,d3ff2ae7-06e8-4386-8893-40437a779a7a
66e342f1-ca85-4576-807d-8e3857d4f142,4988f79d-2945-471d-b238-79f04949ed34
66e342f1-ca85-4576-807d-8e3857d4f142,6833643a-b2cd-4685-bc0f-e4d713750bf7
66e342f1-ca85-4576-807d-8e3857d4f142,6cc4c11d-f298-40ef-88da-d6f0aa980c34
66e342f1-ca85-4576-807d-8e3857d4f142,f90fa723-9d8f-4260-9e03-34778e0ea7d1
66e342f1-ca85-4576-807d-8e3857d4f142,307e8e3a-1910-4ccd-a25e-38f14ff750cf
66e342f1-ca85-4576-807d-8e3857d4f142,b1abca18-f709-42d3-bfc7-b8fe07c583d3
f7048ce4-6368-4087-9204-62d90480f708,78683dde-8e91-4634-92f1-6f4d1ae50e37
f7048ce4-6368-4087-9204-62d90480f708,a3fa6ee1-598d-4f06-a89d-ee2660eaeef3
f7048ce4-6368-4087-9204-62d90480f708,d452127a-e5ed-4b58-97db-54a2426b7e45
f7048ce4-6368-4087-9204-62d90480f708,05b95428-108d-4ec9-a8cd-5b6a70c35cda
f7048ce4-6368-4087-9204-62d90480f708,09e07c50-04ed-4f7e-b1bc-bad22d316ebe
f7048ce4-6368-4087-9204-62d90480f708,7d9f69b7-81e7-4b42-ac24-ee58028740c8
f7048ce4-6368-4087-9204-62d90480f708,13194c93-89c6-4ab4-aaf2-15db5d73b74e
f7048ce4-6368-4087-9204-62d90480f708,575d4e21-9d41-43e3-a001-1df583de26fa
7e6e701c-4fdb-4fdb-9b3d-3fd00005cf68,7a0bce9a-11c7-49cd-807c-a5c406fa8265
7e6e701c-4fdb-4fdb-9b3d-3fd00005cf68,b9bcf11e-c624-44b9-9fb5-a9d61c566ad4
7e6e701c-4fdb-4fdb-9b3d-3fd00005cf68,0062af2d-3932-4b11-a61f-b582ef791aef
7e6e701c-4fdb-4fdb-9b3d-3fd00005cf68,f43ef43d-b2ca-46a5-83ed-8efadefc3532
7e6e701c-4fdb-4fdb-9b3d-3fd00005cf68,01ea95f9-0747-466e-a0ee-637826e2e96d
7e6e701c-4fdb-4fdb-9b3d-3fd00005cf68,e5cab197-1faf-4b36-a4b6-3ef8f7324e92
7e6e701c-4fdb-4fdb-9b3d-3fd00005cf68,eb718752-c993-4402-9cd5-ae3303037477
7e6e701c-4fdb-4fdb-9b3d-3fd00005cf68,d4629513-bc4d-4c86-96e1-f7fc5c281520
54f8b119-83da-4056-a9a8-844bc1de8eca,38393129-f09f-4ef7-8c76-5498206c1e19
54f8b119-83da-4056-a9a8-844bc1de8eca,828cdb5a-353a-404c-b059-cbf61829918a
54f8b119-83da-4056-a9a8-844bc1de8eca,682113bb-a52c-4bc9-a3ee-43c67cbf55f7
54f8b119-83da-4056-a9a8-844bc1de8eca,0118d2c3-ec15-470e-b22d-4ae0134bd46e
54f8b119-83da-4056-a9a8-844bc1de8eca,32403252-5b1f-420f-b3e5-5fd714d2af52
54f8b119-83da-4056-a9a8-844bc1de8eca,0aab4958-bd56-48a1-a0a0-ced3bc40208d
54f8b119-83da-4056-a9a8-844bc1de8eca,281ad328-ccc9-44be-8c93-bbc96c68d7f2
54f8b119-83da-4056-a9a8-844bc1de8eca,6f18aab1-e92f-4a1d-b744-547d1fe2bdcd
54f8b119-83da-4056-a9a8-844bc1de8eca,85007316-0604-4d65-a4a1-bb99627b63f8
54f8b119-83da-4056-a9a8-844bc1de8eca,289df9ba-53cc-4b83-9f07-4b47c65faf18
6e0eb323-251d-492c-8dd1-10c3b808266c,05e41a83-8b64-42ea-b92f-0b3cb57c9762
6e0eb323-251d-492c-8dd1-10c3b808266c,13d21923-f9da-4015-bb75-29839cd2b2a4
6e0eb323-251d-492c-8dd1-10c3b808266c,79ce78a3-eb08-45b8-8283-9de950c3347f
6e0eb323-251d-492c-8dd1-10c3b808266c,219ab499-9531-4d94-b60e-62e2dcb80d8d
6e0eb323-251d-492c-8dd1-10c3b808266c,037427b3-f5ae-494d-9028-1f2c1d2be5b7
6e0eb323-251d-492c-8dd1-10c3b808266c,2014003a-1005-459c-bbb4-3f019588e03e
6e0eb323-251d-492c-8dd1-10c3b808266c,de9a5376-a45b-4255-8e82-031ce6728e87
6e0eb323-251d-492c-8dd1-10c3b808266c,bdd50115-7b4f-452e-9835-c70efb1403fe
6e0eb323-251d-492c-8dd1-10c3b808266c,0118d2c3-ec15-470e-b22d-4ae0134bd46e
6e0eb323-251d-492c-8dd1-10c3b808266c,07bb293b-0246-4443-ae0b-893238193ff1
f62b6ad9-c0b1-42e5-bc8b-83be67d66789,0836ad5c-0cd8-4928-aefa-2175a5909c89
f62b6ad9-c0b1-42e5-bc8b-83be67d66789,03a61094-ed0a-48df-88c5-f5bbc0cdff93
f62b6ad9-c0b1-42e5-bc8b-83be67d66789,0e447c89-077b-49c7-a493-e5477348763a
f62b6ad9-c0b1-42e5-bc8b-83be67d66789,64fb3897-d84d-46cf-8347-045565a67630
f62b6ad9-c0b1-42e5-bc8b-83be67d66789,3dec0caf-2a0e-47fe-b845-37ebc6773f0a
f62b6ad9-c0b1-42e5-bc8b-83be67d66789,16a45c0e-9bb9-4161-8d03-45dc3ffdb459
f62b6ad9-c0b1-42e5-bc8b-83be67d66789,d78b6ad1-dc18-411b-9674-5ed2173a6d8e
f62b6ad9-c0b1-42e5-bc8b-83be67d66789,3a1cd0fb-7fc3-4095-9e78-e4ed58b11eae
f62b6ad9-c0b1-42e5-bc8b-83be67d66789,c7677cc2-9d61-4b8e-bfa4-43472f94acd5
f62b6ad9-c0b1-42e5-bc8b-83be67d66789,382d8698-412d-4545-b162-30a30c5258e8
de9a5376-a45b-4255-8e82-031ce6728e87,8bf43939-e0a4-4de5-ac45-7482e1ffd6d1
de9a5376-a45b-4255-8e82-031ce6728e87,219ab499-9531-4d94-b60e-62e2dcb80d8d
de9a5376-a45b-4255-8e82-031ce6728e87,f62b6ad9-c0b1-42e5-bc8b-83be67d66789
de9a5376-a45b-4255-8e82-031ce6728e87,0836ad5c-0cd8-4928-aefa-2175a5909c89
de9a5376-a45b-4255-8e82-031ce6728e87,aa40227e-c877-408d-b0b7-8e0a48db687b
de9a5376-a45b-4255-8e82-031ce6728e87,030c5163-88d9-4e9f-babb-59aa3d9db620
de9a5376-a45b-4255-8e82-031ce6728e87,16a45c0e-9bb9-4161-8d03-45dc3ffdb459
de9a5376-a45b-4255-8e82-031ce6728e87,2a3e8a48-e484-4f7b-83c7-c221b45c1d76
de9a5376-a45b-4255-8e82-031ce6728e87,af4a52aa-c16e-42c8-9189-5b98bd2f42bb
dc0cce76-0cec-4ffd-b02a-791042c87936,1c9d96d4-db11-4b1c-9f7b-e9048b9a8347
dc0cce76-0cec-4ffd-b02a-791042c87936,35832bf4-78aa-4af0-8b0c-072c3c8a9fd7
dc0cce76-0cec-4ffd-b02a-791042c87936,16e8d60b-44c2-46e7-afec-ff65a9191fc2
dc0cce76-0cec-4ffd-b02a-791042c87936,dc5c8fdf-bb90-4f60-98a8-c667eef74ac3
dc0cce76-0cec-4ffd-b02a-791042c87936,8b2d135d-2f37-4a1c-8795-35ec075be68f
dc0cce76-0cec-4ffd-b02a-791042c87936,12971987-f859-491b-b9f9-9137c1681964
dc0cce76-0cec-4ffd-b02a-791042c87936,4988f79d-2945-471d-b238-79f04949ed34
dc0cce76-0cec-4ffd-b02a-791042c87936,18587a60-bdd6-45bd-8a8c-156bcfa1d7c9
dc0cce76-0cec-4ffd-b02a-791042c87936,f6f4ba49-edfd-4186-bcf0-539791509501
dc0cce76-0cec-4ffd-b02a-791042c87936,e787999f-46f5-4d97-9b46-11a3a9b0a2d5
0d2853b3-2dfc-4739-b5f1-1266b0e7084a,1408a530-838c-40da-a2f5-94f96a94ca3a
0d2853b3-2dfc-4739-b5f1-1266b0e7084a,4e39970b-164b-4f44-8b93-28009ddefdf7
0d2853b3-2dfc-4739-b5f1-1266b0e7084a,038c4d4a-f5c1-47db-90c7-35b13514773a
0d2853b3-2dfc-4739-b5f1-1266b0e7084a,3ada42d9-cb66-45e5-9d7c-bca2e38371fe
0d2853b3-2dfc-4739-b5f1-1266b0e7084a,401145f5-3f73-40ba-8a49-ae4666bef611
0d2853b3-2dfc-4739-b5f1-1266b0e7084a,131323d7-a4b5-48c0-8eb4-ed43fdd0793b
0d2853b3-2dfc-4739-b5f1-1266b0e7084a,392567e3-c5a4-4d94-8f6c-a6a2551ded3e
0d2853b3-2dfc-4739-b5f1-1266b0e7084a,288d8d0d-22fe-4ef7-9535-21ff5feafa5d
0d2853b3-2dfc-4739-b5f1-1266b0e7084a,e61ec431-92fa-4119-8ccc-86f228e5d9c4
0d2853b3-2dfc-4739-b5f1-1266b0e7084a,b718611e-0c9d-45f7-a16c-fe690cef9e90
9a48bf40-4567-473d-b9f6-100ae4ac83eb,26918716-9365-4f4a-991f-241ffc350628
9a48bf40-4567-473d-b9f6-100ae4ac83eb,da40ede7-cacb-40ca-8873-fe8bb7eba844
9a48bf40-4567-473d-b9f6-100ae4ac83eb,35143c2f-0484-44e2-bf27-7baa7ca5e135
9a48bf40-4567-473d-b9f6-100ae4ac83eb,617dfc80-eb78-4f54-bdc2-39412dacd7b3
9a48bf40-4567-473d-b9f6-100ae4ac83eb,7e561bc2-21ae-45d1-805e-ffc7f9371691
9a48bf40-4567-473d-b9f6-100ae4ac83eb,0ddf2623-3285-48b7-b9a1-f6b1ed01ee65
9a48bf40-4567-473d-b9f6-100ae4ac83eb,24788d77-9950-450f-a6f8-4e3b9da220d4
9a48bf40-4567-473d-b9f6-100ae4ac83eb,c1ae327a-083b-40eb-b823-81feacf1564d
9a48bf40-4567-473d-b9f6-100ae4ac83eb,dd0e6c05-2af1-4d8a-9262-2d227e25497d
9a48bf40-4567-473d-b9f6-100ae4ac83eb,d0d9670a-b485-49d6-bf54-e7ed45a7642c
05b95428-108d-4ec9-a8cd-5b6a70c35cda,434db322-10b4-467a-897b-807c75ccb562
05b95428-108d-4ec9-a8cd-5b6a70c35cda,818a15b4-4273-45af-a45a-a3aa0fce12a8
05b95428-108d-4ec9-a8cd-5b6a70c35cda,7d9f69b7-81e7-4b42-ac24-ee58028740c8
05b95428-108d-4ec9-a8cd-5b6a70c35cda,35143c2f-0484-44e2-bf27-7baa7ca5e135
05b95428-108d-4ec9-a8cd-5b6a70c35cda,9a48bf40-4567-473d-b9f6-100ae4ac83eb
05b95428-108d-4ec9-a8cd-5b6a70c35cda,dd0e6c05-2af1-4d8a-9262-2d227e25497d
05b95428-108d-4ec9-a8cd-5b6a70c35cda,080975b0-39b1-493c-ae64-5cb3292409bb
05b95428-108d-4ec9-a8cd-5b6a70c35cda,8b2d135d-2f37-4a1c-8795-35ec075be68f
05b95428-108d-4ec9-a8cd-5b6a70c35cda,31990f0e-a62b-4577-ae31-21af514a5da0
05b95428-108d-4ec9-a8cd-5b6a70c35cda,5e20c9ed-4d14-46c6-b30b-8076c4f0e678
4988f79d-2945-471d-b238-79f04949ed34,f6ffb3eb-140e-45f5-b69b-44620e624da3
4988f79d-2945-471d-b238-79f04949ed34,1ba71ace-1957-4f6c-a8eb-82834418cb76
4988f79d-2945-471d-b238-79f04949ed34,dd0e6c05-2af1-4d8a-9262-2d227e25497d
4988f79d-2945-471d-b238-79f04949ed34,35143c2f-0484-44e2-bf27-7baa7ca5e135
4988f79d-2945-471d-b238-79f04949ed34,d452127a-e5ed-4b58-97db-54a2426b7e45
4988f79d-2945-471d-b238-79f04949ed34,8b2d135d-2f37-4a1c-8795-35ec075be68f
4988f79d-2945-471d-b238-79f04949ed34,617dfc80-eb78-4f54-bdc2-39412dacd7b3
4988f79d-2945-471d-b238-79f04949ed34,17410183-d250-49c9-8be1-04d26fa4c71d
4988f79d-2945-471d-b238-79f04949ed34,9a48bf40-4567-473d-b9f6-100ae4ac83eb
4988f79d-2945-471d-b238-79f04949ed34,7d9f69b7-81e7-4b42-ac24-ee58028740c8
0118d2c3-ec15-470e-b22d-4ae0134bd46e,fbe1d07d-e1de-4163-83bc-8ad80dce65bc
0118d2c3-ec15-470e-b22d-4ae0134bd46e,4c0f35d4-b53c-4334-b973-43ac9299e6b0
0118d2c3-ec15-470e-b22d-4ae0134bd46e,0ec4e51b-a944-4a85-be1b-7e49f52a360a
0118d2c3-ec15-470e-b22d-4ae0134bd46e,15d5edc1-3a20-4b2c-912b-e69dd8f6355d
0118d2c3-ec15-470e-b22d-4ae0134bd46e,e014c0d8-ef43-4a74-bb8b-ee5b0e67749d
0118d2c3-ec15-470e-b22d-4ae0134bd46e,170e61f3-0665-4740-98f9-e5d3f21bd07e
0118d2c3-ec15-470e-b22d-4ae0134bd46e,81cde6ab-8251-4e41-bd7a-a04b72ca36be
0118d2c3-ec15-470e-b22d-4ae0134bd46e,7ac31983-e60a-4bcc-9e19-71e3b1362ce6
0118d2c3-ec15-470e-b22d-4ae0134bd46e,07738b53-f361-40b8-8b5e-6bd96feafc06
9705d5d9-d6c1-4cbe-bd3e-0c2601b3751a,64fb3897-d84d-46cf-8347-045565a67630
9705d5d9-d6c1-4cbe-bd3e-0c2601b3751a,f32f14a5-b701-4e97-9527-951289b55792
9705d5d9-d6c1-4cbe-bd3e-0c2601b3751a,f62b6ad9-c0b1-42e5-bc8b-83be67d66789
9705d5d9-d6c1-4cbe-bd3e-0c2601b3751a,143c6b5f-f3c4-4da5-9b7c-1e67426d4e56
9705d5d9-d6c1-4cbe-bd3e-0c2601b3751a,0836ad5c-0cd8-4928-aefa-2175a5909c89
9705d5d9-d6c1-4cbe-bd3e-0c2601b3751a,0e447c89-077b-49c7-a493-e5477348763a
9705d5d9-d6c1-4cbe-bd3e-0c2601b3751a,16a45c0e-9bb9-4161-8d03-45dc3ffdb459
9705d5d9-d6c1-4cbe-bd3e-0c2601b3751a,6e0eb323-251d-492c-8dd1-10c3b808266c
9705d5d9-d6c1-4cbe-bd3e-0c2601b3751a,13d21923-f9da-4015-bb75-29839cd2b2a4
9705d5d9-d6c1-4cbe-bd3e-0c2601b3751a,74574855-25f8-47a2-8fc3-c981267a82d6
60fe129c-4409-4069-9262-bb6f2277e299,5d64ba4f-c317-4a30-9645-f7775ddb49d9
60fe129c-4409-4069-9262-bb6f2277e299,66402dcb-9bda-41d4-a3ad-a5f6550b9db4
60fe129c-4409-4069-9262-bb6f2277e299,8c1f4c3e-24f1-49f3-836e-19bbad1ce404
60fe129c-4409-4069-9262-bb6f2277e299,434db322-10b4-467a-897b-807c75ccb562
60fe129c-4409-4069-9262-bb6f2277e299,05b95428-108d-4ec9-a8cd-5b6a70c35cda
60fe129c-4409-4069-9262-bb6f2277e299,e3fd9b66-b660-4460-8e1f-44282136bf5c
60fe129c-4409-4069-9262-bb6f2277e299,5e20c9ed-4d14-46c6-b30b-8076c4f0e678
60fe129c-4409-4069-9262-bb6f2277e299,a6ed5358-6ad7-422e-9be6-dbc49a02586c
60fe129c-4409-4069-9262-bb6f2277e299,7d9f69b7-81e7-4b42-ac24-ee58028740c8
e787999f-46f5-4d97-9b46-11a3a9b0a2d5,01094cae-de10-4507-8e89-1d4ecac05865
e787999f-46f5-4d97-9b46-11a3a9b0a2d5,27271258-4919-4456-91ff-f6ceca3f2b71
e787999f-46f5-4d97-9b46-11a3a9b0a2d5,c1fd17a9-2900-4f45-812c-4a90fcc0a61c
e787999f-46f5-4d97-9b46-11a3a9b0a2d5,05b95428-108d-4ec9-a8cd-5b6a70c35cda
e787999f-46f5-4d97-9b46-11a3a9b0a2d5,539167ba-a704-4908-b25c-d07918294598
e787999f-46f5-4d97-9b46-11a3a9b0a2d5,66402dcb-9bda-41d4-a3ad-a5f6550b9db4
e787999f-46f5-4d97-9b46-11a3a9b0a2d5,22ae2174-d74b-465d-a7b0-427a41ecedcc
e787999f-46f5-4d97-9b46-11a3a9b0a2d5,080975b0-39b1-493c-ae64-5cb3292409bb
e787999f-46f5-4d97-9b46-11a3a9b0a2d5,6e9b0ed1-05ab-4a26-89c3-0cbf31085dfa
e787999f-46f5-4d97-9b46-11a3a9b0a2d5,f7048ce4-6368-4087-9204-62d90480f708
17410183-d250-49c9-8be1-04d26fa4c71d,5e20c9ed-4d14-46c6-b30b-8076c4f0e678
17410183-d250-49c9-8be1-04d26fa4c71d,35143c2f-0484-44e2-bf27-7baa7ca5e135
17410183-d250-49c9-8be1-04d26fa4c71d,617dfc80-eb78-4f54-bdc2-39412dacd7b3
17410183-d250-49c9-8be1-04d26fa4c71d,dd0e6c05-2af1-4d8a-9262-2d227e25497d
17410183-d250-49c9-8be1-04d26fa4c71d,9a48bf40-4567-473d-b9f6-100ae4ac83eb
17410183-d250-49c9-8be1-04d26fa4c71d,f90fa723-9d8f-4260-9e03-34778e0ea7d1
17410183-d250-49c9-8be1-04d26fa4c71d,8b2d135d-2f37-4a1c-8795-35ec075be68f
17410183-d250-49c9-8be1-04d26fa4c71d,8587d745-92a6-4882-b3c3-0f7308ac627a
17410183-d250-49c9-8be1-04d26fa4c71d,6833643a-b2cd-4685-bc0f-e4d713750bf7
69b29ef5-ac32-4302-a563-95b9ea7f24fa,9197af6d-8e52-4392-a84b-0d39e64f428b
69b29ef5-ac32-4302-a563-95b9ea7f24fa,62b563d2-25e6-4e32-bf46-8742025407ff
69b29ef5-ac32-4302-a563-95b9ea7f24fa,129b26bf-46bd-43b3-b4e2-eece40c05c77
69b29ef5-ac32-4302-a563-95b9ea7f24fa,a3fa6ee1-598d-4f06-a89d-ee2660eaeef3
69b29ef5-ac32-4302-a563-95b9ea7f24fa,1111fd1f-7868-40a5-9dec-15dcd9b175a3
69b29ef5-ac32-4302-a563-95b9ea7f24fa,dde10a48-9202-4ca8-9c13-1dbf16b7a6cc
69b29ef5-ac32-4302-a563-95b9ea7f24fa,44e38b7b-11b1-4ada-82e2-6583c947aa34
69b29ef5-ac32-4302-a563-95b9ea7f24fa,13194c93-89c6-4ab4-aaf2-15db5d73b74e
69b29ef5-ac32-4302-a563-95b9ea7f24fa,24f0414a-fb48-41ba-a32d-f8a498c6bb59
69b29ef5-ac32-4302-a563-95b9ea7f24fa,042e7c8a-50bc-4219-a6ca-6d471dbb2ef8
071fa60b-652a-4d67-b7e4-58a63a1bbe6f,069c31c6-6259-4d14-ae49-94001db9ead9
071fa60b-652a-4d67-b7e4-58a63a1bbe6f,0362e11d-068d-4a2c-bcb8-c51fbf86dfe8
071fa60b-652a-4d67-b7e4-58a63a1bbe6f,1111fd1f-7868-40a5-9dec-15dcd9b175a3
071fa60b-652a-4d67-b7e4-58a63a1bbe6f,d7decd27-2234-467a-a9e0-d608f04d75f3
071fa60b-652a-4d67-b7e4-58a63a1bbe6f,096ae087-5cb2-41b6-a0e0-211d0fb0de68
071fa60b-652a-4d67-b7e4-58a63a1bbe6f,dfb5920d-789c-41d0-8f59-8bc34ed2cae0
071fa60b-652a-4d67-b7e4-58a63a1bbe6f,030c5163-88d9-4e9f-babb-59aa3d9db620
071fa60b-652a-4d67-b7e4-58a63a1bbe6f,0d6b001d-48c7-42f1-b617-ae0e3781eaa5
071fa60b-652a-4d67-b7e4-58a63a1bbe6f,13194c93-89c6-4ab4-aaf2-15db5d73b74e
071fa60b-652a-4d67-b7e4-58a63a1bbe6f,35143c2f-0484-44e2-bf27-7baa7ca5e135
ced408d9-b686-4aac-89f4-1e778cab0b48,647f301c-6db8-4484-a9d4-d7b79e965dd0
ced408d9-b686-4aac-89f4-1e778cab0b48,6e4c8548-b7e4-4811-8720-abf576956ef8
ced408d9-b686-4aac-89f4-1e778cab0b48,00bf2a72-2ca3-4a18-8bf9-7178ab0e964d
ced408d9-b686-4aac-89f4-1e778cab0b48,091d16b3-1326-4420-9e45-f8e196764eca
ced408d9-b686-4aac-89f4-1e778cab0b48,8a3b2b5e-af88-4ae7-9a59-7f3d0f84ffaa
ced408d9-b686-4aac-89f4-1e778cab0b48,2a3e8a48-e484-4f7b-83c7-c221b45c1d76
ced408d9-b686-4aac-89f4-1e778cab0b48,e8a83629-a377-417c-9d64-ae02be53e4a5
ced408d9-b686-4aac-89f4-1e778cab0b48,5c76aea0-94f2-4ee8-9024-ba8ae7e50681
ced408d9-b686-4aac-89f4-1e778cab0b48,aa40227e-c877-408d-b0b7-8e0a48db687b
64fb3897-d84d-46cf-8347-045565a67630,f32f14a5-b701-4e97-9527-951289b55792
64fb3897-d84d-46cf-8347-045565a67630,d78b6ad1-dc18-411b-9674-5ed2173a6d8e
64fb3897-d84d-46cf-8347-045565a67630,5a9dcf68-fa3a-4c85-881a-cd954cf794d3
64fb3897-d84d-46cf-8347-045565a67630,2ff57d87-e97e-4c98-949c-ad44eaf04c3a
64fb3897-d84d-46cf-8347-045565a67630,0836ad5c-0cd8-4928-aefa-2175a5909c89
64fb3897-d84d-46cf-8347-045565a67630,c7677cc2-9d61-4b8e-bfa4-43472f94acd5
64fb3897-d84d-46cf-8347-045565a67630,16a45c0e-9bb9-4161-8d03-45dc3ffdb459
64fb3897-d84d-46cf-8347-045565a67630,2122282b-2517-4780-af71-c468a22c142a
1408a530-838c-40da-a2f5-94f96a94ca3a,b68f5d07-5a02-4e43-b880-3a444a3b5561
1408a530-838c-40da-a2f5-94f96a94ca3a,f430ab5e-3581-4b9c-995c-21f5044647a9
1408a530-838c-40da-a2f5-94f96a94ca3a,038c4d4a-f5c1-47db-90c7-35b13514773a
1408a530-838c-40da-a2f5-94f96a94ca3a,b718611e-0c9d-45f7-a16c-fe690cef9e90
1408a530-838c-40da-a2f5-94f96a94ca3a,392567e3-c5a4-4d94-8f6c-a6a2551ded3e
1408a530-838c-40da-a2f5-94f96a94ca3a,cbd13c67-ddff-4533-a995-49ed8acc4d91
1408a530-838c-40da-a2f5-94f96a94ca3a,131323d7-a4b5-48c0-8eb4-ed43fdd0793b
1408a530-838c-40da-a2f5-94f96a94ca3a,9bc1fd9e-0457-4983-bdc9-ea213d34487d
1408a530-838c-40da-a2f5-94f96a94ca3a,c1a654ab-3e09-4060-8057-ae259b1d3fd4
1408a530-838c-40da-a2f5-94f96a94ca3a,401145f5-3f73-40ba-8a49-ae4666bef611
058a23e8-7631-4be7-980d-41133c499939,e9f27774-9f5c-48c3-875b-9c223517fb4a
058a23e8-7631-4be7-980d-41133c499939,2715230f-8dbb-4e8f-b680-6de96ba959da
058a23e8-7631-4be7-980d-41133c499939,d2aebc3a-5bca-493f-ae27-cc787d05499f
058a23e8-7631-4be7-980d-41133c499939,539167ba-a704-4908-b25c-d07918294598
058a23e8-7631-4be7-980d-41133c499939,063e87a6-14cc-429d-859c-7ae873896ce2
058a23e8-7631-4be7-980d-41133c499939,06450ed3-0b9f-49b0-b7a2-5230bfdfb82a
058a23e8-7631-4be7-980d-41133c499939,1599ed89-3ecd-44b2-ba42-0765b78beeb8
058a23e8-7631-4be7-980d-41133c499939,f7048ce4-6368-4087-9204-62d90480f708
058a23e8-7631-4be7-980d-41133c499939,76735ab9-162a-4d2b-ac07-dc6902585986
058a23e8-7631-4be7-980d-41133c499939,2fd59048-e200-411b-a376-7574dee363e2
ba9dbfff-f193-43b8-b1ab-7c5ad426ab14,0836ad5c-0cd8-4928-aefa-2175a5909c89
ba9dbfff-f193-43b8-b1ab-7c5ad426ab14,f62b6ad9-c0b1-42e5-bc8b-83be67d66789
ba9dbfff-f193-43b8-b1ab-7c5ad426ab14,64fb3897-d84d-46cf-8347-045565a67630
ba9dbfff-f193-43b8-b1ab-7c5ad426ab14,fb6ee8ab-5c12-4a00-91f7-6caf0e10aa18
ba9dbfff-f193-43b8-b1ab-7c5ad426ab14,2ff57d87-e97e-4c98-949c-ad44eaf04c3a
ba9dbfff-f193-43b8-b1ab-7c5ad426ab14,f7048ce4-6368-4087-9204-62d90480f708
ba9dbfff-f193-43b8-b1ab-7c5ad426ab14,78683dde-8e91-4634-92f1-6f4d1ae50e37
ba9dbfff-f193-43b8-b1ab-7c5ad426ab14,16a45c0e-9bb9-4161-8d03-45dc3ffdb459
ba9dbfff-f193-43b8-b1ab-7c5ad426ab14,de9a5376-a45b-4255-8e82-031ce6728e87
c7677cc2-9d61-4b8e-bfa4-43472f94acd5,2a2a7d3f-e607-4554-881e-4ff32948ce0a
c7677cc2-9d61-4b8e-bfa4-43472f94acd5,134333a8-359e-4e07-b674-c5280e70e808
c7677cc2-9d61-4b8e-bfa4-43472f94acd5,1f1e917b-3279-4b7b-b410-078ca0b4dc50
c7677cc2-9d61-4b8e-bfa4-43472f94acd5,f7048ce4-6368-4087-9204-62d90480f708
c7677cc2-9d61-4b8e-bfa4-43472f94acd5,78683dde-8e91-4634-92f1-6f4d1ae50e37
c7677cc2-9d61-4b8e-bfa4-43472f94acd5,382d8698-412d-4545-b162-30a30c5258e8
c7677cc2-9d61-4b8e-bfa4-43472f94acd5,7142b9e9-a031-4cea-aeb1-2a665a30e53f
66402dcb-9bda-41d4-a3ad-a5f6550b9db4,e535ecc9-d85f-4948-8685-11bdc2d939c2
66402dcb-9bda-41d4-a3ad-a5f6550b9db4,a0842b4a-6b42-4a45-b309-48445b58333c
66402dcb-9bda-41d4-a3ad-a5f6550b9db4,434db322-10b4-467a-897b-807c75ccb562
66402dcb-9bda-41d4-a3ad-a5f6550b9db4,05b95428-108d-4ec9-a8cd-5b6a70c35cda
66402dcb-9bda-41d4-a3ad-a5f6550b9db4,a6ed5358-6ad7-422e-9be6-dbc49a02586c
66402dcb-9bda-41d4-a3ad-a5f6550b9db4,5e20c9ed-4d14-46c6-b30b-8076c4f0e678
66402dcb-9bda-41d4-a3ad-a5f6550b9db4,22ae2174-d74b-465d-a7b0-427a41ecedcc
66402dcb-9bda-41d4-a3ad-a5f6550b9db4,e3fd9b66-b660-4460-8e1f-44282136bf5c
35143c2f-0484-44e2-bf27-7baa7ca5e135,102519c2-d076-4aee-8189-c44b32e62da7
35143c2f-0484-44e2-bf27-7baa7ca5e135,0d286b5c-1745-4606-8e27-a7ad851a68bb
35143c2f-0484-44e2-bf27-7baa7ca5e135,f90fa723-9d8f-4260-9e03-34778e0ea7d1
35143c2f-0484-44e2-bf27-7baa7ca5e135,617dfc80-eb78-4f54-bdc2-39412dacd7b3
35143c2f-0484-44e2-bf27-7baa7ca5e135,8587d745-92a6-4882-b3c3-0f7308ac627a
35143c2f-0484-44e2-bf27-7baa7ca5e135,1fe9cded-3b48-48d4-bfc4-b07c269c63a1
35143c2f-0484-44e2-bf27-7baa7ca5e135,24788d77-9950-450f-a6f8-4e3b9da220d4
35143c2f-0484-44e2-bf27-7baa7ca5e135,c1ae327a-083b-40eb-b823-81feacf1564d
35143c2f-0484-44e2-bf27-7baa7ca5e135,32114abb-717c-4a95-9c18-6e44832c65d2
35143c2f-0484-44e2-bf27-7baa7ca5e135,6833643a-b2cd-4685-bc0f-e4d713750bf7
e61ec431-92fa-4119-8ccc-86f228e5d9c4,e6fb80b5-e7ee-410b-8a80-15c619736177
e61ec431-92fa-4119-8ccc-86f228e5d9c4,034dcaa7-66a7-4341-a273-8249c0d0dfb9
e61ec431-92fa-4119-8ccc-86f228e5d9c4,b1a7c595-6dec-43eb-a83b-b597fe5805ea
e61ec431-92fa-4119-8ccc-86f228e5d9c4,131323d7-a4b5-48c0-8eb4-ed43fdd0793b
e61ec431-92fa-4119-8ccc-86f228e5d9c4,cfe5245b-7813-421b-b380-264918db4222
e61ec431-92fa-4119-8ccc-86f228e5d9c4,367d1c9a-eb31-4d0b-a5cd-4ffa4417d4fd
e61ec431-92fa-4119-8ccc-86f228e5d9c4,773bfc6a-3969-4637-9915-92b4eae7ebf5
e61ec431-92fa-4119-8ccc-86f228e5d9c4,a4d7c8fc-4df1-45a5-808b-5bf6e948ca0c
e61ec431-92fa-4119-8ccc-86f228e5d9c4,6ce21c06-4b42-43fe-bde3-f4220612e7ce
b4be7f77-bb4d-46ac-931a-1fe0f8b16a9e,6c4dc807-4073-4b0a-88e1-1cf6cb993413
b4be7f77-bb4d-46ac-931a-1fe0f8b16a9e,770e6be6-b2d4-41ce-b69e-ae070477d82a
b4be7f77-bb4d-46ac-931a-1fe0f8b16a9e,1795a939-37ef-479b-a6e7-5586de34f5c4
b4be7f77-bb4d-46ac-931a-1fe0f8b16a9e,374a7a48-3eef-4897-884e-c1d690662b6a
b4be7f77-bb4d-46ac-931a-1fe0f8b16a9e,823c7f6b-0bf3-4a50-b26a-e73849907791
b4be7f77-bb4d-46ac-931a-1fe0f8b16a9e,6833643a-b2cd-4685-bc0f-e4d713750bf7
b4be7f77-bb4d-46ac-931a-1fe0f8b16a9e,a5fb766a-1bde-4f29-8e21-536b2b574986
b4be7f77-bb4d-46ac-931a-1fe0f8b16a9e,22f1878f-8673-4fb4-b470-ec27c5e5e145
b4be7f77-bb4d-46ac-931a-1fe0f8b16a9e,0a50e2f3-3e95-4408-bfd3-69cbe3283a4d
